type;name;iso_country;iso_region;iata_code
small_airport;Ocean Reef Club Airport;US;FL;OCA
small_airport;Pilot Station Airport;US;AK;PQS
small_airport;Crested Butte Airpark;US;CO;CSE
small_airport;LBJ Ranch Airport;US;TX;JCY
small_airport;Nunapitchuk Airport;US;AK;NUP
small_airport;Icy Bay Airport;US;AK;ICY
small_airport;Kalakaket Creek AS Airport;US;AK;KKK
small_airport;Dunsmuir Muni-Mott Airport;US;CA;MHS
small_airport;Chase Field Industrial Airport;US;TX;NIR
small_airport;Grand Canyon Bar Ten Airstrip;US;AZ;GCT
small_airport;Lime Village Airport;US;AK;LVD
small_airport;Hog River Airport;US;AK;HGZ
small_airport;Ed-Air Airport;US;IN;OTN
small_airport;Telida Airport;US;AK;TLF
small_airport;Eagle Air Park;US;TX;BZT
small_airport;Blakely Island Airport;US;WA;BYW
small_airport;Drift River Airport;US;AK;DRF
small_airport;Rinkenberger Restricted Landing Area;US;IL;BDF
small_airport;Tetlin Airport;US;AK;TEH
small_airport;Roy Otten Memorial Airfield;US;MO;VRS
small_airport;Atmautluak Airport;US;AK;ATT
small_airport;Livengood Camp Airport;US;AK;LIV
small_airport;Pedro Bay Airport;US;AK;PDB
small_airport;Ouzinkie Airport;US;AK;KOZ
small_airport;Tununak Airport;US;AK;TNK
small_airport;Minto Al Wright Airport;US;AK;MNT
medium_airport;Aleknagik / New Airport;US;AK;WKK
small_airport;Naknek Airport;US;AK;NNK
small_airport;Southern Seaplane Airport;US;LA;BCS
small_airport;Minute Man Air Field;US;MA;MMN
small_airport;Earl Henry Airport;US;OK;BWL
small_airport;Center Island Airport;US;WA;CWS
small_airport;Tatitlek Airport;US;AK;TEK
small_airport;Pine Island Airport;US;NC;DUF
small_airport;Stuart Island Airpark;US;WA;SSW
small_airport;Fort Bragg Airport;US;CA;FOB
small_airport;Maxson Airfield;US;NY;AXB
small_airport;Reese Airpark;US;TX;REE
small_airport;Waldron Airstrip;US;WA;WDN
small_airport;Chuathbaluk Airport;US;AK;CHU
small_airport;Ugashik Airport;US;AK;UGS
small_airport;Levelock Airport;US;AK;KLL
small_airport;Tuntutuliak Airport;US;AK;WTL
small_airport;Twin Hills Airport;US;AK;TWA
small_airport;Chignik Lake Airport;US;AK;KCQ
small_airport;Chena Hot Springs Airport;US;AK;CEX
small_airport;Solomon State Field;US;AK;SOL
small_airport;Herendeen Bay Airport;US;AK;HED
small_airport;Taylor Airport;US;AK;TWE
small_airport;Point Lonely Short Range Radar Site Airfield;US;AK;LNI
small_airport;Candle 2 Airport;US;AK;CDL
small_airport;Boswell Bay Airport;US;AK;BSW
small_airport;Girdwood-Alyeska Airport;US;AK;AQY
small_airport;Willmar Municipal Airport John L Rice Field (2006);US;MN;ILL
small_airport;Brookings Airport;US;OR;BOK
small_airport;Boundary Airport;US;AK;BYA
small_airport;Paradise Skypark Airport;US;CA;PYS
small_airport;Circle Hot Springs Airport;US;AK;CHP
small_airport;Crooked Creek Airport;US;AK;CKD
small_airport;Crane Island Airstrip;US;WA;CKR
small_airport;Cordova Municipal Airport;US;AK;CKU
small_airport;Chicken Airport;US;AK;CKX
small_airport;Hollister Municipal Airport;US;CA;HLI
small_airport;Chitina Airport;US;AK;CXC
small_airport;Cascade Locks State Airport;US;OR;CZK
small_airport;Chisana Airport;US;AK;CZN
small_airport;Chistochina Airport;US;AK;CZO
small_airport;Canandaigua Airport;US;NY;IUA
small_airport;Delta Junction Airport;US;AK;DJN
small_airport;Dahl Creek Airport;US;AK;DCK
small_airport;Ranger Municipal Airport;US;TX;RGR
small_airport;Flat Airport;US;AK;FLT
small_airport;Gabbs Airport;US;NV;GAB
small_airport;Pope Field;US;IN;GFD
small_airport;Goodnews Airport;US;AK;GNU
small_airport;Granite Mountain Air Station;US;AK;GMT
small_airport;Gordonsville Municipal Airport;US;VA;GVE
small_airport;Haycock Airport;US;AK;HAY
small_airport;Princeville Airport;US;HI;HPV
small_airport;Healy Lake Airport;US;AK;HKB
small_airport;Quartz Creek Airport;US;AK;JLA
small_airport;Animas Air Park;US;CO;AMK
small_airport;Broadus Airport;US;MT;BDX
small_airport;Eureka Airport;US;NV;EUE
small_airport;Jackpot Airport/Hayden Field;US;NV;KPT
small_airport;Rolla Downtown Airport;US;MO;RLA
small_airport;Elizabeth Field;US;NY;FID
small_airport;Humboldt Municipal Airport;US;IA;HUD
small_airport;Jefferson County International Airport;US;WA;TWD
small_airport;Kayenta Airport;US;AZ;MVM
small_airport;Columbia County Airport;US;NY;HCC
small_airport;Ardmore Downtown Executive Airport;US;OK;AHD
small_airport;Grand Canyon West Airport;US;AZ;GCW
small_airport;Lampson Field;US;CA;CKE
small_airport;Montague-Yreka Rohrer Field;US;CA;ROF
small_airport;Fremont County Airport;US;CO;CNE
small_airport;Cooperstown-Westville Airport;US;NY;COP
small_airport;Council Airport;US;AK;CIL
small_airport;Iraan Municipal Airport;US;TX;IRB
small_airport;Gansner Field;US;CA;GNF
small_airport;Chiloquin State Airport;US;OR;CHZ
small_airport;St. Mary's County Regional Airport;US;MD;LTW
small_airport;Arapahoe Municipal Airport;US;NE;AHF
small_airport;Princeton Airport;US;NJ;PCT
small_airport;Calverton Executive Airpark;US;NY;CTO
small_airport;Grand Lake Regional Airport;US;OK;NRI
small_airport;Grants Pass Airport;US;OR;GTP
small_airport;Jerry Tyler Memorial Airport;US;MI;NLE
small_airport;Grand Coulee Dam Airport;US;WA;GCD
small_airport;Valle Airport;US;AZ;VLE
small_airport;Perry-Foley Airport;US;FL;FPY
small_airport;Manti-Ephraim Airport;US;UT;NTJ
small_airport;Salina Gunnison Airport;US;UT;SBO
small_airport;Central Jersey Regional Airport;US;NJ;JVI
small_airport;Eunice Airport;US;LA;UCE
small_airport;Gold Beach Municipal Airport;US;OR;GOL
small_airport;Kentland Municipal Airport;US;IN;KKT
small_airport;Prentice Airport;US;WI;PRW
small_airport;Maverick County Memorial International Airport;US;TX;EGP
medium_airport;Boulder City Municipal Airport;US;NV;BLD
medium_airport;Mesquite International Airport;US;NV;MFH
small_airport;Iosco County Airport;US;MI;ECA
small_airport;Florence Municipal Airport;US;OR;FMU
small_airport;Anacortes Airport;US;WA;OTS
small_airport;Roosevelt Municipal Airport;US;UT;ROL
small_airport;Canton Municipal Airport;US;SD;CTK
small_airport;North Fork Valley Airport;US;CO;WPO
small_airport;Antlers Municipal Airport;US;OK;ATE
small_airport;Austin Airport;US;NV;ASQ
small_airport;Apalachicola Regional Airport;US;FL;AAF
medium_airport;Lehigh Valley International Airport;US;PA;ABE
medium_airport;Abilene Regional Airport;US;TX;ABI
medium_airport;Albuquerque International Sunport;US;NM;ABQ
medium_airport;Aberdeen Regional Airport;US;SD;ABR
medium_airport;Southwest Georgia Regional Airport;US;GA;ABY
small_airport;Antrim County Airport;US;MI;ACB
medium_airport;Nantucket Memorial Airport;US;MA;ACK
medium_airport;Waco Regional Airport;US;TX;ACT
medium_airport;California Redwood Coast-Humboldt County Airport;US;CA;ACV
medium_airport;Atlantic City International Airport;US;NJ;ACY
small_airport;Lenawee County Airport;US;MI;ADG
small_airport;Ada Regional Airport;US;OK;ADT
small_airport;Ardmore Municipal Airport;US;OK;ADM
small_airport;Addison Airport;US;TX;ADS
large_airport;Joint Base Andrews;US;MD;ADW
small_airport;Albert Lea Municipal Airport;US;MN;AEL
medium_airport;Alexandria International Airport;US;LA;AEX
small_airport;USAF Academy Airfield;US;CO;AFF
small_airport;Washington County Airport;US;PA;WSG
small_airport;Jaffrey Airfield Silver Ranch Airport;US;NH;AFN
small_airport;Afton Municipal Airport;US;WY;AFO
medium_airport;Perot Field/Fort Worth Alliance Airport;US;TX;AFW
medium_airport;Allegheny County Airport;US;PA;AGC
small_airport;Magnolia Municipal Airport / Ralph C Weiser Field;US;AR;AGO
medium_airport;Augusta Regional At Bush Field;US;GA;AGS
small_airport;Amedee Army Air Field;US;CA;AHC
small_airport;Amery Municipal Airport;US;WI;AHH
medium_airport;Athens Ben Epps Airport;US;GA;AHN
small_airport;Alliance Municipal Airport;US;NE;AIA
small_airport;Anderson Municipal Darlington Field;US;IN;AID
small_airport;Aiken Regional Airport;US;SC;AIK
small_airport;Atlantic Municipal Airport;US;IA;AIO
small_airport;George Downer Airport;US;AL;AIV
small_airport;Lee C Fine Memorial Airport;US;MO;AIZ
small_airport;Colorado Plains Regional Airport;US;CO;AKO
medium_airport;Akron Executive Airport;US;OH;AKC
medium_airport;Albany International Airport;US;NY;ALB
medium_airport;Alice International Airport;US;TX;ALI
medium_airport;Alamogordo White Sands Regional Airport;US;NM;ALM
medium_airport;St Louis Regional Airport;US;IL;ALN
medium_airport;Waterloo Regional Airport;US;IA;ALO
medium_airport;San Luis Valley Regional Airport/Bergman Field;US;CO;ALS
medium_airport;Walla Walla Regional Airport;US;WA;ALW
small_airport;Thomas C Russell Field;US;AL;ALX
medium_airport;Rick Husband Amarillo International Airport;US;TX;AMA
small_airport;Gratiot Community Airport;US;MI;AMN
small_airport;Ames Municipal Airport;US;IA;AMW
medium_airport;Anniston Regional Airport;US;AL;ANB
medium_airport;Anderson Regional Airport;US;SC;AND
small_airport;Salida Airport - Harriet Alexander Field;US;CO;SLT
small_airport;Lee Airport;US;MD;ANP
small_airport;Tri State Steuben County Airport;US;IN;ANQ
small_airport;Ainsworth Regional Airport;US;NE;ANW
small_airport;Anthony Municipal Airport;US;KS;ANY
small_airport;Lima Allen County Airport;US;OH;AOH
medium_airport;Altoona Blair County Airport;US;PA;AOO
medium_airport;Centennial Airport;US;CO;APA
small_airport;Napa County Airport;US;CA;APC
medium_airport;Naples Municipal Airport;US;FL;APF
medium_airport;Phillips Army Air Field;US;MD;APG
small_airport;Mary Walker LZ Airport;US;VA;APH
medium_airport;Alpena County Regional Airport;US;MI;APN
small_airport;Marion County Airport - Brown Field;US;TN;APT
small_airport;Apple Valley Airport;US;CA;APV
medium_airport;Acadiana Regional Airport;US;LA;ARA
small_airport;Ann Arbor Municipal Airport;US;MI;ARB
small_airport;Walnut Ridge Regional Airport;US;AR;ARG
small_airport;Wharton Regional Airport;US;TX;WHT
small_airport;Aurora Municipal Airport;US;IL;AUZ
medium_airport;Watertown International Airport;US;NY;ART
small_airport;Lakeland-Noble F. Lee Memorial field;US;WI;ARV
small_airport;Beaufort Executive Airport;US;SC;BFT
medium_airport;Aspen-Pitkin County Airport (Sardy Field);US;CO;ASE
small_airport;Springdale Municipal Airport;US;AR;SPZ
small_airport;Nashua Airport / Boire Field;US;NH;ASH
small_airport;Harrison County Airport;US;TX;ASL
small_airport;Talladega Municipal Airport;US;AL;ASN
medium_airport;Astoria Regional Airport;US;OR;AST
small_airport;John F Kennedy Memorial Airport;US;WI;ASX
small_airport;Ashley Municipal Airport;US;ND;ASY
large_airport;Hartsfield Jackson Atlanta International Airport;US;GA;ATL
small_airport;Artesia Municipal Airport;US;NM;ATS
small_airport;Appleton International Airport;US;WI;ATW
medium_airport;Watertown Regional Airport;US;SD;ATY
medium_airport;Augusta State Airport;US;ME;AUG
small_airport;Austin Municipal Airport;US;MN;AUM
small_airport;Auburn Municipal Airport;US;CA;AUN
small_airport;Auburn University Regional Airport;US;AL;AUO
large_airport;Austin Bergstrom International Airport;US;TX;AUS
medium_airport;Wausau Downtown Airport;US;WI;AUW
medium_airport;Asheville Regional Airport;US;NC;AVL
small_airport;Avon Park Executive Airport;US;FL;AVO
medium_airport;Wilkes Barre Scranton International Airport;US;PA;AVP
small_airport;Marana Regional Airport;US;AZ;AVW
small_airport;Catalina Airport;US;CA;AVX
small_airport;West Memphis Municipal Airport;US;AR;AWM
small_airport;Algona Municipal Airport;US;IA;AXG
medium_airport;Chandler Field;US;MN;AXN
small_airport;Altus Quartz Mountain Regional Airport;US;OK;AXS
small_airport;Neil Armstrong Airport;US;OH;AXV
small_airport;Angel Fire Airport;US;NM;AXX
small_airport;Waycross Ware County Airport;US;GA;AYS
small_airport;Arnold Air Force Base;US;TN;TUH
medium_airport;Kalamazoo Battle Creek International Airport;US;MI;AZO
medium_airport;Beale Air Force Base;US;CA;BAB
medium_airport;Barksdale Air Force Base;US;LA;BAD
medium_airport;Westfield-Barnes Regional Airport;US;MA;BAF
medium_airport;Columbus Municipal Airport;US;IN;CLU
small_airport;Battle Mountain Airport;US;NV;BAM
small_airport;Benson Municipal Airport;US;MN;BBB
medium_airport;Curtis Field;US;TX;BBD
small_airport;Branson Airport;US;MO;BKG
small_airport;Marlboro County Jetport - H E Avent Field Airport;US;SC;BTN
small_airport;Broken Bow Municipal Airport;US;NE;BBW
small_airport;Virginia Tech Montgomery Executive Airport;US;VA;BCB
medium_airport;Bryce Canyon Airport;US;UT;BCE
small_airport;Boca Raton Airport;US;FL;BCT
medium_airport;Baudette International Airport;US;MN;BDE
small_airport;Blanding Municipal Airport;US;UT;BDG
medium_airport;Bradley International Airport;US;CT;BDL
medium_airport;Igor I Sikorsky Memorial Airport;US;CT;BDR
small_airport;Boulder Municipal Airport;US;CO;WBU
small_airport;Beech Factory Airport;US;KS;BEC
medium_airport;Laurence G Hanscom Field;US;MA;BED
small_airport;Southwest Michigan Regional Airport;US;MI;BEH
medium_airport;Bradford Regional Airport;US;PA;BFD
medium_airport;Western Neb. Rgnl/William B. Heilig Airport;US;NE;BFF
medium_airport;Boeing Field King County International Airport;US;WA;BFI
medium_airport;Meadows Field;US;CA;BFL
medium_airport;Mobile Downtown Airport;US;AL;BFM
small_airport;Virgil I Grissom Municipal Airport;US;IN;BFR
small_airport;Hutchinson County Airport;US;TX;BGD
small_airport;Decatur County Industrial Air Park;US;GA;BGE
medium_airport;Greater Binghamton/Edwin A Link field;US;NY;BGM
medium_airport;Bangor International Airport;US;ME;BGR
medium_airport;Hancock County-Bar Harbor Airport;US;ME;BHB
medium_airport;Birmingham-Shuttlesworth International Airport;US;AL;BHM
small_airport;Block Island State Airport;US;RI;BID
small_airport;Beatrice Municipal Airport;US;NE;BIE
medium_airport;Biggs Army Air Field (Fort Bliss);US;TX;BIF
medium_airport;Eastern Sierra Regional Airport;US;CA;BIH
medium_airport;Billings Logan International Airport;US;MT;BIL
medium_airport;Bismarck Municipal Airport;US;ND;BIS
medium_airport;Keesler Air Force Base;US;MS;BIX
medium_airport;Rocky Mountain Metropolitan Airport;US;CO;BJC
medium_airport;Bemidji Regional Airport;US;MN;BJI
small_airport;Wayne County Airport;US;OH;BJJ
small_airport;Stephens County Airport;US;TX;BKD
medium_airport;Baker City Municipal Airport;US;OR;BKE
medium_airport;Buckley Space Force Base;US;CO;BFK
medium_airport;Burke Lakefront Airport;US;OH;BKL
small_airport;Allen C Perkinson Blackstone Army Air Field;US;VA;BKT
medium_airport;Raleigh County Memorial Airport;US;WV;BKW
small_airport;Brookings Regional Airport;US;SD;BKX
medium_airport;Mercer County Airport;US;WV;BLF
medium_airport;Blythe Airport;US;CA;BLH
medium_airport;Bellingham International Airport;US;WA;BLI
small_airport;Monmouth Executive Airport;US;NJ;BLM
small_airport;Blue Canyon Nyack Airport;US;CA;BLU
medium_airport;Scott AFB/Midamerica Airport;US;IL;BLV
small_airport;Brigham City Regional Airport;US;UT;BMC
medium_airport;Monroe County Airport;US;IN;BMG
medium_airport;Central Illinois Regional Airport at Bloomington-Normal;US;IL;BMI
small_airport;Berlin Regional Airport;US;NH;BML
small_airport;Beaumont Municipal Airport;US;TX;BMT
large_airport;Nashville International Airport;US;TN;BNA
small_airport;Banning Municipal Airport;US;CA;BNG
small_airport;Barnwell Regional Airport;US;SC;BNL
medium_airport;Burns Municipal Airport;US;OR;BNO
small_airport;Boone Municipal Airport;US;IA;BNW
medium_airport;Boise Air Terminal/Gowen Field;US;ID;BOI
large_airport;Logan International Airport;US;MA;BOS
small_airport;Bartow Executive Airport;US;FL;BOW
small_airport;Big Spring Mc Mahon-Wrinkle Airport;US;TX;HCA
medium_airport;Miley Memorial Field;US;WY;BPI
medium_airport;Ozark Regional Airport;US;AR;WMH
medium_airport;Jack Brooks Regional Airport;US;TX;BPT
medium_airport;Brunswick Golden Isles Airport;US;GA;BQK
medium_airport;Brainerd Lakes Regional Airport;US;MN;BRD
medium_airport;Southeast Iowa Regional Airport;US;IA;BRL
medium_airport;Brownsville South Padre Island International Airport;US;TX;BRO
small_airport;Samuels Field;US;KY;BRY
small_airport;Skypark Airport;US;UT;BTF
medium_airport;Battle Creek Executive Airport at Kellogg Field;US;MI;BTL
medium_airport;Bert Mooney Airport;US;MT;BTM
small_airport;Britton Municipal Airport;US;SD;TTO
small_airport;Pittsburgh/Butler Regional Airport;US;PA;BTP
medium_airport;Baton Rouge Metropolitan Airport;US;LA;BTR
medium_airport;Burlington International Airport;US;VT;BTV
small_airport;Beatty Airport;US;NV;BTY
small_airport;Cram Field;US;NE;BUB
large_airport;Buffalo Niagara International Airport;US;NY;BUF
small_airport;Butler Memorial Airport;US;MO;BUM
medium_airport;Bob Hope Airport;US;CA;BUR
medium_airport;Beaver County Airport;US;PA;BFP
small_airport;Bartlesville Municipal Airport;US;OK;BVO
small_airport;Skagit Regional Airport;US;WA;MVW
small_airport;Batesville Regional Airport;US;AR;BVX
medium_airport;Beverly Regional Airport;US;MA;BVY
small_airport;Brawley Municipal Airport;US;CA;BWC
small_airport;Brownwood Regional Airport;US;TX;BWD
medium_airport;Bowling Green Warren County Regional Airport;US;KY;BWG
large_airport;Baltimore/Washington International Thurgood Marshall Airport;US;MD;BWI
small_airport;Harry Stern Airport;US;ND;WAH
small_airport;Bowman Regional Airport;US;ND;BWM
small_airport;George R Carr Memorial Air Field;US;LA;BXA
small_airport;Buckeye Municipal Airport;US;AZ;BXK
small_airport;Johnson County Airport;US;WY;BYG
medium_airport;Arkansas International Airport;US;AR;BYH
medium_airport;Burley Municipal Airport;US;ID;BYI
medium_airport;Bicycle Lake Army Air Field;US;CA;BYS
small_airport;Bay City Regional Airport;US;TX;BBC
medium_airport;Gallatin Field;US;MT;BZN
small_airport;Grand Geneva Resort Airport;US;WI;XES
small_airport;Plymouth Municipal Airport;US;IN;PLY
small_airport;New Coalinga Municipal Airport;US;CA;CLG
small_airport;Wexford County Airport;US;MI;CAD
medium_airport;Columbia Metropolitan Airport;US;SC;CAE
small_airport;Craig Moffat Airport;US;CO;CIG
medium_airport;Akron Canton Regional Airport;US;OH;CAK
small_airport;Clayton Municipal Airpark;US;NM;CAO
medium_airport;Caribou Municipal Airport;US;ME;CAR
small_airport;Greater Cumberland Regional Airport;US;WV;CBE
small_airport;Council Bluffs Municipal Airport;US;IA;CBF
small_airport;Shalz Field;US;KS;CBK
medium_airport;Columbus Air Force Base;US;MS;CBM
small_airport;Cable Airport;US;CA;CCB
small_airport;Buchanan Field;US;CA;CCR
medium_airport;Northeast Iowa Regional Airport;US;IA;CCY
small_airport;Caledonia County Airport;US;VT;LLX
medium_airport;Cedar City Regional Airport;US;UT;CDC
small_airport;Harrell Field;US;AR;CDH
small_airport;Woodward Field;US;SC;CDN
medium_airport;Chadron Municipal Airport;US;NE;CDR
medium_airport;Childress Municipal Airport;US;TX;CDS
small_airport;Essex County Airport;US;NJ;CDW
small_airport;Cessna Aircraft Field;US;KS;CEA
medium_airport;Jack Mc Namara Field Airport;US;CA;CEC
medium_airport;Westover Metropolitan Airport / Westover Air Reserve Base;US;MA;CEF
small_airport;Oconee County Regional Airport;US;SC;CEU
small_airport;Mettel Field;US;IN;CEV
medium_airport;Bob Sikes Airport;US;FL;CEW
small_airport;Kyle Oakley Field;US;KY;CEY
small_airport;Cortez Municipal Airport;US;CO;CEZ
small_airport;Coulter Field;US;TX;CFD
small_airport;Tuscola Area Airport;US;MI;TZC
small_airport;Greenlee County Airport;US;AZ;CFT
small_airport;Coffeyville Municipal Airport;US;KS;CFV
small_airport;Cambridge Dorchester Airport;US;MD;CGE
medium_airport;Cuyahoga County Airport;US;OH;CGF
medium_airport;Cape Girardeau Regional Airport;US;MO;CGI
small_airport;College Park Airport;US;MD;CGS
small_airport;Casa Grande Municipal Airport;US;AZ;CGZ
medium_airport;Chattanooga Metropolitan Airport (Lovell Field);US;TN;CHA
small_airport;Chickasha Municipal Airport;US;OK;CHK
medium_airport;Charlottesville Albemarle Airport;US;VA;CHO
medium_airport;Charleston International Airport;US;SC;CHS
small_airport;Chico Municipal Airport;US;CA;CIC
medium_airport;The Eastern Iowa Airport;US;IA;CID
small_airport;Arthur N Neu Airport;US;IA;CIN
small_airport;Cairo Regional Airport;US;IL;CIR
medium_airport;Chippewa County International Airport;US;MI;CIU
small_airport;Kegelman AF Aux Field;US;OK;CKA
medium_airport;North Central West Virginia Airport;US;WV;CKB
small_airport;Grand Marais Cook County Airport;US;MN;GRM
small_airport;Fletcher Field;US;MS;CKM
small_airport;Crookston Municipal Kirkwood Field;US;MN;CKN
small_airport;Clarksville–Montgomery County Regional Airport;US;TN;CKV
small_airport;Chignik Lagoon Airport;US;AK;KCL
large_airport;Cleveland Hopkins International Airport;US;OH;CLE
small_airport;Clintonville Municipal Airport;US;WI;CLI
small_airport;Clinton Regional Airport;US;OK;CLK
medium_airport;Easterwood Field;US;TX;CLL
medium_airport;William R Fairchild International Airport;US;WA;CLM
small_airport;Cliff Hatfield Memorial Airport;US;CA;CLR
small_airport;Chehalis Centralia Airport;US;WA;CLS
large_airport;Charlotte Douglas International Airport;US;NC;CLT
small_airport;Clearwater Air Park;US;FL;CLW
large_airport;John Glenn Columbus International Airport;US;OH;CMH
medium_airport;University of Illinois Willard Airport;US;IL;CMI
medium_airport;Houghton County Memorial Airport;US;MI;CMX
small_airport;Sparta Fort McCoy Airport;US;WI;CMY
small_airport;Claremont Municipal Airport;US;NH;CNH
small_airport;Blosser Municipal Airport;US;KS;CNK
medium_airport;Cavern City Air Terminal;US;NM;CNM
small_airport;Chino Airport;US;CA;CNO
medium_airport;Chanute Martin Johnson Airport;US;KS;CNU
small_airport;TSTC Waco Airport;US;TX;CNW
small_airport;Canyonlands Regional Airport;US;UT;CNY
medium_airport;Yellowstone Regional Airport;US;WY;COD
medium_airport;Coeur D'Alene - Pappy Boyington Field;US;ID;COE
medium_airport;Patrick Space Force Base;US;FL;COF
small_airport;Merritt Island Airport;US;FL;COI
small_airport;Coleman Municipal Airport;US;TX;COM
medium_airport;Concord Municipal Airport;US;NH;CON
medium_airport;City of Colorado Springs Municipal Airport;US;CO;COS
small_airport;Cotulla-La Salle County Airport;US;TX;COT
medium_airport;Columbia Regional Airport;US;MO;COU
small_airport;Compton Woodley Airport;US;CA;CPM
medium_airport;Casper-Natrona County International Airport;US;WY;CPR
small_airport;St Louis Downtown Airport;US;IL;CPS
small_airport;Cheraw Municipal Airport/Lynch Bellinger Field;US;SC;HCW
small_airport;Colorado Creek Airport;US;AK;KCR
medium_airport;Grand Strand Airport;US;SC;CRE
medium_airport;Jacksonville Executive at Craig Airport;US;FL;CRG
small_airport;Corcoran Airport;US;CA;CRO
medium_airport;Corpus Christi International Airport;US;TX;CRP
medium_airport;McClellan-Palomar Airport;US;CA;CLD
small_airport;C David Campbell Field Corsicana Municipal Airport;US;TX;CRS
small_airport;Z M Jack Stell Field;US;AR;CRT
medium_airport;Yeager Airport;US;WV;CRW
small_airport;Roscoe Turner Airport;US;MS;CRX
medium_airport;Columbus Metropolitan Airport;US;GA;CSG
small_airport;Clinton Sherman Airport;US;OK;CSM
small_airport;Creston Municipal Airport;US;IA;CSQ
medium_airport;Crossville Memorial Whitson Field;US;TN;CSV
medium_airport;Cut Bank International Airport;US;MT;CTB
small_airport;Cross City Airport;US;FL;CTY
small_airport;Sampson County Airport;US;NC;CTZ
medium_airport;Jim Hamilton L.B. Owens Airport;US;SC;CUB
small_airport;Cushing Municipal Airport;US;OK;CUH
large_airport;Cincinnati Northern Kentucky International Airport;US;KY;CVG
small_airport;Sharp County Regional Airport;US;AR;CKK
small_airport;Clovis Municipal Airport;US;NM;CVN
medium_airport;Corvallis Municipal Airport;US;OR;CVO
medium_airport;Cannon Air Force Base;US;NM;CVS
medium_airport;Central Wisconsin Airport;US;WI;CWA
small_airport;Kickapoo Downtown Airport;US;TX;KIP
small_airport;Chennault International Airport;US;LA;CWF
small_airport;Clinton Municipal Airport;US;IA;CWI
small_airport;Calexico International Airport;US;CA;CXL
medium_airport;Conroe-North Houston Regional Airport;US;TX;CXO
small_airport;Carson Airport;US;NV;CSN
small_airport;Capital City Airport;US;PA;HAR
medium_airport;Cheyenne Regional Jerry Olson Field;US;WY;CYS
small_airport;Dimmit County Airport;US;TX;CZT
small_airport;Tioga Municipal Airport;US;ND;VEX
medium_airport;Davison Army Air Field;US;VA;DAA
medium_airport;Daytona Beach International Airport;US;FL;DAB
medium_airport;Barstow Daggett Airport;US;CA;DAG
medium_airport;Dallas Love Field;US;TX;DAL
medium_airport;Danville Regional Airport;US;VA;DAN
medium_airport;James M Cox Dayton International Airport;US;OH;DAY
small_airport;W H 'Bud' Barron Airport;US;GA;DBN
medium_airport;Dubuque Regional Airport;US;IA;DBQ
large_airport;Ronald Reagan Washington National Airport;US;DC;DCA
small_airport;Pryor Field Regional Airport;US;AL;DCU
medium_airport;Dodge City Regional Airport;US;KS;DDC
medium_airport;Decatur Airport;US;IL;DEC
small_airport;Decorah Municipal Airport;US;IA;DEH
large_airport;Denver International Airport;US;CO;DEN
medium_airport;Coleman A. Young Municipal Airport;US;MI;DET
small_airport;Defiance Memorial Airport;US;OH;DFI
large_airport;Dallas Fort Worth International Airport;US;TX;DFW
small_airport;Douglas Municipal Airport;US;AZ;DGL
small_airport;Converse County Airport;US;WY;DGW
medium_airport;Dothan Regional Airport;US;AL;DHN
medium_airport;Dalhart Municipal Airport;US;TX;DHT
medium_airport;Dickinson Theodore Roosevelt Regional Airport;US;ND;DIK
small_airport;Chautauqua County-Dunkirk Airport;US;NY;DKK
small_airport;Dillon County Airport;US;SC;DLL
medium_airport;Laughlin Air Force Base;US;TX;DLF
medium_airport;Duluth International Airport;US;MN;DLH
small_airport;Dillon Airport;US;MT;DLN
medium_airport;Columbia Gorge Regional Airport;US;OR;DLS
medium_airport;Davis Monthan Air Force Base;US;AZ;DMA
medium_airport;Deming Municipal Airport;US;NM;DMN
small_airport;Sedalia Memorial Airport;US;MO;DMO
medium_airport;Daniel Field;US;GA;DNL
small_airport;Dalton Municipal Airport;US;GA;DNN
small_airport;Denison Municipal Airport;US;IA;DNS
small_airport;Vermilion Regional Airport;US;IL;DNV
medium_airport;Dover Air Force Base;US;DE;DOV
medium_airport;Dupage Airport;US;IL;DPA
small_airport;Michael AAF (Dugway Proving Ground) Airport;US;UT;DPG
medium_airport;Desert Rock Airport;US;NV;DRA
medium_airport;Beauregard Regional Airport;US;LA;DRI
small_airport;Drummond Island Airport;US;MI;DRE
small_airport;Durango La Plata County Airport;US;CO;DRO
medium_airport;Del Rio International Airport;US;TX;DRT
medium_airport;Des Moines International Airport;US;IA;DSM
small_airport;Dansville Municipal Airport;US;NY;DSV
small_airport;Delta Municipal Airport;US;UT;DTA
small_airport;Detroit Lakes Airport - Wething Field;US;MN;DTL
small_airport;Shreveport Downtown Airport;US;LA;DTN
small_airport;Destin Executive Airport;US;FL;DSI
large_airport;Detroit Metropolitan Wayne County Airport;US;MI;DTW
small_airport;Durant Regional Airport - Eaker Field;US;OK;DUA
small_airport;Halliburton Field;US;OK;DUC
medium_airport;Bisbee Douglas International Airport;US;AZ;DUG
medium_airport;DuBois Regional Airport;US;PA;DUJ
small_airport;Devils Lake Regional Airport;US;ND;DVL
small_airport;Davenport Municipal Airport;US;IA;DVN
small_airport;Marin County Airport - Gnoss Field;US;CA;NOT
small_airport;Slayton Municipal Airport;US;MN;NSL
small_airport;Phoenix Deer Valley Airport;US;AZ;DVT
small_airport;David Wayne Hooks Memorial Airport;US;TX;DWH
small_airport;Danbury Municipal Airport;US;CT;DXR
small_airport;Doylestown Airport;US;PA;DYL
medium_airport;Dyess Air Force Base;US;TX;DYS
small_airport;Roy Hurd Memorial Airport;US;TX;MIF
small_airport;Crane County Airport;US;TX;CCG
small_airport;Ohkay Owingeh Airport;US;NM;ESO
small_airport;Whiteriver Airport;US;AZ;WTR
small_airport;Alpine Casparis Municipal Airport;US;TX;ALE
small_airport;Bagdad Airport;US;AZ;BGT
small_airport;Phifer Airfield;US;WY;EAN
medium_airport;Kearney Regional Airport;US;NE;EAR
medium_airport;Pangborn Memorial Airport;US;WA;EAT
medium_airport;Chippewa Valley Regional Airport;US;WI;EAU
small_airport;Nanwalek Airport;US;AK;KEB
small_airport;Webster City Municipal Airport;US;IA;EBS
medium_airport;Elizabeth City Regional Airport & Coast Guard Air Station;US;NC;ECG
medium_airport;Northwest Florida Beaches International Airport;US;FL;ECP
small_airport;Mondell Field;US;WY;ECS
small_airport;Northeastern Regional Airport;US;NC;EDE
small_airport;Enterprise Municipal Airport;US;AL;ETS
medium_airport;Edwards Air Force Base;US;CA;EDW
medium_airport;Needles Airport;US;CA;EED
medium_airport;Dillant Hopkins Airport;US;NH;EEN
medium_airport;Ellington Airport;US;TX;EFD
small_airport;Northeast Kingdom International Airport;US;VT;EFK
small_airport;Jefferson Municipal Airport;US;IA;EFW
medium_airport;Eagle County Regional Airport;US;CO;EGE
medium_airport;Duke Field;US;FL;EGI
small_airport;Eagle River Union Airport;US;WI;EGV
small_airport;Ekwok Airport;US;AK;KEK
medium_airport;Murray Field;US;CA;EKA
small_airport;Elkhart Municipal Airport;US;IN;EKI
medium_airport;Elkins-Randolph County Regional Airport;US;WV;EKN
medium_airport;Elko Regional Airport;US;NV;EKO
small_airport;Addington Field / Elizabethtown Regional Airport;US;KY;EKX
small_airport;Eagle Lake Airport;US;TX;ELA
medium_airport;South Arkansas Regional Airport at Goodwin Field;US;AR;ELD
small_airport;Elk City Regional Business Airport;US;OK;ELK
medium_airport;Elmira Corning Regional Airport;US;NY;ELM
small_airport;Bowers Field;US;WA;ELN
medium_airport;Ely Municipal Airport;US;MN;LYU
medium_airport;El Paso International Airport;US;TX;ELP
medium_airport;Ely Airport Yelland Field;US;NV;ELY
small_airport;Wellsville Municipal Airport - Tarantine Field;US;NY;ELZ
small_airport;Kemmerer Municipal Airport;US;WY;EMM
small_airport;Emporia Municipal Airport;US;KS;EMP
small_airport;San Gabriel Valley Airport;US;CA;EMT
medium_airport;Vance Air Force Base;US;OK;END
small_airport;Centralia Municipal Airport;US;IL;ENL
medium_airport;Wendover Airport;US;UT;ENV
medium_airport;Kenosha Regional Airport;US;WI;ENW
small_airport;Keokuk Municipal Airport;US;IA;EOK
small_airport;Ephrata Municipal Airport;US;WA;EPH
small_airport;Captain Jack Thomas El Dorado Airport;US;KS;EDK
medium_airport;Erie International Tom Ridge Field;US;PA;ERI
small_airport;Errol Airport;US;NH;ERR
small_airport;Kerrville / Kerr County Airport at Louis Schreiner Field;US;TX;ERV
small_airport;Delta County Airport;US;MI;ESC
medium_airport;Esler Army Airfield / Esler Regional Airport;US;LA;ESF
small_airport;Easton Airport / Newnam Field;US;MD;ESN
small_airport;Estherville Municipal Airport;US;IA;EST
small_airport;Easton State Airport;US;WA;ESW
small_airport;West Bend Municipal Airport;US;WI;ETB
small_airport;Eastland Municipal Airport;US;TX;ETN
small_airport;Weedon Field;US;AL;EUF
medium_airport;Mahlon Sweet Field;US;OR;EUG
small_airport;Eveleth/Virginia Municipal Airport;US;MN;EVM
medium_airport;Evansville Regional Airport;US;IN;EVV
medium_airport;Evanston-Uinta County Airport-Burns Field;US;WY;EVW
medium_airport;New Bedford Regional Airport;US;MA;EWB
small_airport;Newton City-County Airport;US;KS;EWK
medium_airport;Coastal Carolina Regional Airport;US;NC;EWN
large_airport;Newark Liberty International Airport;US;NJ;EWR
medium_airport;Key West International Airport;US;FL;EYW
small_airport;Wilbarger County Airport;US;TX;WIB
small_airport;French Valley Airport;US;CA;RBK
medium_airport;Felker Army Air Field;US;VA;FAF
small_airport;Farmington Regional Airport;US;MO;FAM
medium_airport;Hector International Airport;US;ND;FAR
medium_airport;Fresno Yosemite International Airport;US;CA;FAT
medium_airport;Fayetteville Regional Airport - Grannis Field;US;NC;FAY
medium_airport;Simmons Army Air Field;US;NC;FBG
small_airport;Faribault Municipal Airport-Liz Wall Strohfus Field;US;MN;FBL
small_airport;Fort Bridger Airport;US;WY;FBR
small_airport;Fairbury Municipal Airport;US;NE;FBY
small_airport;Fresno Chandler Executive Airport;US;CA;FCH
small_airport;Flying Cloud Airport;US;MN;FCM
medium_airport;Butts AAF (Fort Carson) Air Field;US;CO;FCS
small_airport;Forrest City Municipal Airport;US;AR;FCY
small_airport;Frederick Municipal Airport;US;MD;FDK
small_airport;Frederick Regional Airport;US;OK;FDR
medium_airport;Findlay Airport;US;OH;FDY
small_airport;Albertus Airport;US;IL;FEP
small_airport;Fremont Municipal Airport;US;NE;FET
small_airport;First Flight Airport;US;NC;FFA
small_airport;Fairfield Municipal Airport;US;IA;FFL
small_airport;Fergus Falls Municipal Airport - Einar Mickelson Field;US;MN;FFM
medium_airport;Wright-Patterson Air Force Base;US;OH;FFO
small_airport;Capital City Airport;US;KY;FFT
small_airport;Falcon Field;US;AZ;MSC
small_airport;Friday Harbor Airport;US;WA;FRD
medium_airport;Sierra Vista Municipal Airport / Libby Army Air Field;US;AZ;FHU
medium_airport;Venango Regional Airport;US;PA;FKL
small_airport;Franklin Regional Airport;US;VA;FKN
small_airport;Fond du Lac County Airport;US;WI;FLD
medium_airport;Flagstaff Pulliam International Airport;US;AZ;FLG
large_airport;Fort Lauderdale Hollywood International Airport;US;FL;FLL
medium_airport;Florence Regional Airport;US;SC;FLO
small_airport;Marion County Regional Airport;US;AR;FLP
small_airport;Sherman Army Air Field;US;KS;FLV
small_airport;Fallon Municipal Airport;US;NV;FLX
medium_airport;Tipton Airport;US;MD;FME
small_airport;Cape Cod Coast Guard Air Station;US;MA;FMH
medium_airport;Four Corners Regional Airport;US;NM;FMN
medium_airport;Page Field;US;FL;FMY
small_airport;Northern Colorado Regional Airport;US;CO;FNL
medium_airport;Bishop International Airport;US;MI;FNT
medium_airport;Fort Dodge Regional Airport;US;IA;FOD
medium_airport;Topeka Regional Airport;US;KS;FOE
small_airport;Francis S Gabreski Airport;US;NY;FOK
small_airport;Fillmore Municipal Airport;US;UT;FIL
medium_airport;St Lucie County International Airport;US;FL;FPR
medium_airport;Republic Airport;US;NY;FRG
small_airport;French Lick Municipal Airport;US;IN;FRH
medium_airport;Marshall Army Air Field;US;KS;FRI
small_airport;Fairmont Municipal Airport;US;MN;FRM
small_airport;Front Royal Warren County Airport;US;VA;FRR
medium_airport;Sioux Falls Regional Airport / Joe Foss Field;US;SD;FSD
medium_airport;Henry Post Army Air Field (Fort Sill);US;OK;FSI
small_airport;Fort Scott Municipal Airport;US;KS;FSK
medium_airport;Fort Smith Regional Airport;US;AR;FSM
medium_airport;Fort Stockton Pecos County Airport;US;TX;FST
small_airport;Fort Sumner Municipal Airport;US;NM;FSU
small_airport;Fort Madison Municipal Airport;US;IA;FMS
medium_airport;Godman Army Air Field;US;KY;FTK
medium_airport;Fort Worth Meacham International Airport;US;TX;FTW
medium_airport;Fulton County Airport Brown Field;US;GA;FTY
small_airport;Fullerton Municipal Airport;US;CA;FUL
small_airport;Northern Aroostook Regional Airport;US;ME;WFK
medium_airport;Fort Wayne International Airport;US;IN;FWA
medium_airport;Fort Lauderdale Executive Airport;US;FL;FXE
small_airport;Forest City Municipal Airport;US;IA;FXY
small_airport;Fayetteville Municipal Airport;US;TN;FYM
medium_airport;Drake Field;US;AR;FYV
small_airport;Northeast Alabama Regional Airport;US;AL;GAD
small_airport;Gage Heibeck Airport;US;OK;GAG
small_airport;Montgomery County Airpark;US;MD;GAI
small_airport;Great Bend Municipal Airport;US;KS;GBD
small_airport;Galesburg Municipal Airport;US;IL;GBG
small_airport;Walter J. Koladza Airport;US;MA;GBR
medium_airport;Northeast Wyoming Regional Airport;US;WY;GCC
small_airport;Grant County Regional Airport / Ogilvie Field;US;OR;JDA
medium_airport;Garden City Regional Airport;US;KS;GCK
medium_airport;Grand Canyon National Park Airport;US;AZ;GCN
small_airport;Greeneville Municipal Airport;US;TN;GCY
small_airport;Gardner Municipal Airport;US;MA;GDM
medium_airport;Dawson Community Airport;US;MT;GDV
small_airport;Gladwin Zettel Memorial Airport;US;MI;GDW
small_airport;Delaware Coastal Airport;US;DE;GED
medium_airport;Spokane International Airport;US;WA;GEG
small_airport;South Big Horn County Airport;US;WY;GEY
medium_airport;Grand Forks International Airport;US;ND;GFK
medium_airport;Floyd Bennett Memorial Airport;US;NY;GFL
small_airport;Georgetown County Airport;US;SC;GGE
medium_airport;East Texas Regional Airport;US;TX;GGG
medium_airport;Wokal Field/Glasgow-Valley County Airport;US;MT;GGW
small_airport;Centerville Municipal Airport;US;TN;GHM
small_airport;Winter Haven Regional Airport - Gilbert Field;US;FL;GIF
medium_airport;Grand Junction Regional Airport;US;CO;GJT
small_airport;Port Meadville Airport;US;PA;MEJ
small_airport;Gatlinburg-Pigeon Forge Airport;US;TN;GKT
medium_airport;Goodland Municipal Airport;US;KS;GLD
small_airport;Gainesville Municipal Airport;US;TX;GLE
medium_airport;Mid Delta Regional Airport;US;MS;GLH
small_airport;Gaylord Regional Airport;US;MI;GLR
medium_airport;Scholes International At Galveston Airport;US;TX;GLS
small_airport;Glasgow Municipal Airport;US;KY;GLW
medium_airport;Greenville Downtown Airport;US;SC;GMU
small_airport;Gooding Municipal Airport;US;ID;GNG
small_airport;Grants-Milan Municipal Airport;US;NM;GNT
medium_airport;Gainesville Regional Airport;US;FL;GNV
small_airport;Guthrie-Edmond Regional Airport;US;OK;GOK
medium_airport;Groton New London Airport;US;CT;GON
medium_airport;Glacier Park International Airport;US;MT;FCA
medium_airport;Gulfport Biloxi International Airport;US;MS;GPT
small_airport;Grand Rapids Itasca Co-Gordon Newstrom field;US;MN;GPZ
small_airport;Galion Municipal Airport;US;OH;GQQ
medium_airport;Austin Straubel International Airport;US;WI;GRB
small_airport;Greenwood County Airport;US;SC;GRD
small_airport;Greenville Airport;US;IL;GRE
medium_airport;Gray Army Air Field;US;WA;GRF
medium_airport;Central Nebraska Regional Airport;US;NE;GRI
medium_airport;Killeen-Fort Hood Regional Airport / Robert Gray Army Air Field;US;TX;GRK
small_airport;Gordon Municipal Airport;US;NE;GRN
medium_airport;Gerald R. Ford International Airport;US;MI;GRR
medium_airport;Seymour Johnson Air Force Base;US;NC;GSB
small_airport;Goshen Municipal Airport;US;IN;GSH
medium_airport;Piedmont Triad International Airport;US;NC;GSO
medium_airport;Greenville Spartanburg International Airport;US;SC;GSP
medium_airport;Great Falls International Airport;US;MT;GTF
small_airport;Grantsburg Municipal Airport;US;WI;GTG
medium_airport;Golden Triangle Regional Airport;US;MS;GTR
small_airport;Gunnison Crested Butte Regional Airport;US;CO;GUC
medium_airport;Gallup Municipal Airport;US;NM;GUP
medium_airport;Grissom Air Reserve Base;US;IN;GUS
medium_airport;Guymon Municipal Airport;US;OK;GUY
small_airport;Lee Gilmer Memorial Airport;US;GA;GVL
small_airport;Majors Airport;US;TX;GVT
medium_airport;Greenwood–Leflore Airport;US;MS;GWO
small_airport;Glenwood Springs Municipal Airport;US;CO;GWS
small_airport;Grayling Airport;US;AK;KGX
small_airport;Greeley–Weld County Airport;US;CO;GXY
small_airport;Donaldson Field Airport;US;SC;GDC
small_airport;North Texas Regional Airport/Perrin Field;US;TX;PNX
small_airport;Phoenix Goodyear Airport;US;AZ;GYR
medium_airport;Gary Chicago International Airport;US;IN;GYY
small_airport;Glacier Creek Airport;US;AK;KGZ
small_airport;Marion County Rankin Fite Airport;US;AL;HAB
small_airport;Half Moon Bay Airport;US;CA;HAF
small_airport;Three Rivers Municipal Dr Haines Airport;US;MI;HAI
small_airport;Butler Co Regional Airport - Hogan Field;US;OH;HAO
medium_airport;Hattiesburg Bobby L Chain Municipal Airport;US;MS;HBG
medium_airport;Hobart Regional Airport;US;OK;HBR
small_airport;Brewster Field;US;NE;HDE
small_airport;Yampa Valley Airport;US;CO;HDN
small_airport;Thompson-Robbins Airport;US;AR;HEE
small_airport;Manassas Regional Airport/Harry P. Davis Field;US;VA;MNZ
small_airport;Natchez–Adams County Airport / Hardy-Anders Field;US;MS;HEZ
medium_airport;Hartford Brainard Airport;US;CT;HFD
small_airport;Mackall Army Air Field;US;NC;HFF
medium_airport;Hagerstown Regional Richard A Henson Field;US;MD;HGR
medium_airport;Jack Northrop Field Hawthorne Municipal Airport;US;CA;HHR
small_airport;Stan Stamper Municipal Airport;US;OK;HUJ
medium_airport;Range Regional Airport;US;MN;HIB
small_airport;Mount Washington Regional Airport;US;NH;HIE
medium_airport;Hill Air Force Base;US;UT;HIF
medium_airport;Lake Havasu City International Airport;US;AZ;HII
medium_airport;Portland Hillsboro Airport;US;OR;HIO
small_airport;Blytheville Municipal Airport;US;AR;HKA
small_airport;Hawkins Field;US;MS;HKS
medium_airport;Hickory Regional Airport;US;NC;HKY
small_airport;Hillenbrand Industries Airport;US;IN;HLB
small_airport;Hill City Municipal Airport;US;KS;HLC
medium_airport;Wheeling Ohio County Airport;US;WV;HLG
small_airport;Park Township Airport;US;MI;HLM
medium_airport;Helena Regional Airport;US;MT;HLN
medium_airport;Holloman Air Force Base;US;NM;HMN
small_airport;Hemet Ryan Airport;US;CA;HMT
small_airport;Huntingburg Airport;US;IN;HNB
small_airport;Henderson Executive Airport;US;NV;HSH
medium_airport;Lea County Regional Airport;US;NM;HOB
medium_airport;Huron Regional Airport;US;SD;HON
medium_airport;Campbell Army Airfield (Fort Campbell);US;KY;HOP
medium_airport;Memorial Field Airport;US;AR;HOT
medium_airport;William P Hobby Airport;US;TX;HOU
medium_airport;Westchester County Airport;US;NY;HPN
small_airport;Hampton Municipal Airport;US;IA;HPT
small_airport;Baytown Airport;US;TX;HPY
medium_airport;Bowerman Airport;US;WA;HQM
small_airport;Hermiston Municipal Airport;US;OR;HES
medium_airport;Valley International Airport;US;TX;HRL
medium_airport;Boone County Airport;US;AR;HRO
small_airport;Harrisburg-Raleigh Airport;US;IL;HSB
small_airport;Billy Mitchell Airport;US;NC;HNC
small_airport;Hot Springs County Airport;US;WY;THP
small_airport;Hastings Municipal Airport;US;NE;HSI
small_airport;Ingalls Field;US;VA;HSP
medium_airport;Homestead ARB Airport;US;FL;HST
medium_airport;Huntsville International Carl T Jones Field;US;AL;HSV
small_airport;Hawthorne Industrial Airport;US;NV;HTH
small_airport;Roscommon County - Blodgett Memorial Airport;US;MI;HTL
small_airport;Town of East Hampton Airport;US;NY;HTO
medium_airport;Tri-State Airport / Milton J. Ferguson Field;US;WV;HTS
small_airport;Lawrence County Airpark;US;OH;HTW
medium_airport;Redstone Army Air Field;US;AL;HUA
medium_airport;Terre Haute Regional Airport, Hulman Field;US;IN;HUF
medium_airport;Houlton International Airport;US;ME;HUL
small_airport;Houma Terrebonne Airport;US;LA;HUM
medium_airport;Hutchinson Municipal Airport;US;KS;HUT
small_airport;Hanksville Airport;US;UT;HVE
medium_airport;Tweed New Haven Airport;US;CT;HVN
medium_airport;Havre City County Airport;US;MT;HVR
small_airport;Hartsville Regional Airport;US;SC;HVS
small_airport;Hayward Executive Airport;US;CA;HWD
small_airport;North Perry Airport;US;FL;HWO
small_airport;Brookhaven Calabro Airport;US;NY;WSH
small_airport;Hilton Head Airport;US;SC;HHH
medium_airport;Cape Cod Gateway Airport;US;MA;HYA
medium_airport;Sawyer County Airport;US;WI;HYR
medium_airport;Hays Regional Airport;US;KS;HYS
small_airport;Hazleton Municipal Airport;US;PA;HZL
medium_airport;Northeast Ohio Regional Airport;US;OH;JFN
medium_airport;McConnell Air Force Base;US;KS;IAB
large_airport;Washington Dulles International Airport;US;VA;IAD
medium_airport;Niagara Falls International Airport;US;NY;IAG
large_airport;George Bush Intercontinental Houston Airport;US;TX;IAH
small_airport;Schenck Field;US;IA;ICL
medium_airport;Wichita Eisenhower National Airport;US;KS;ICT
medium_airport;Idaho Falls Regional Airport;US;ID;IDA
small_airport;Indiana County–Jimmy Stewart Airport;US;PA;IDI
small_airport;Independence Municipal Airport;US;KS;IDP
small_airport;Pine Ridge Airport;US;SD;XPR
small_airport;Iowa Falls Municipal Airport;US;IA;IFA
medium_airport;Laughlin Bullhead International Airport;US;AZ;IFP
medium_airport;Kingman Airport;US;AZ;IGM
medium_airport;Greater Kankakee Airport;US;IL;IKK
small_airport;Skylark Field;US;TX;ILE
medium_airport;New Castle Airport;US;DE;ILG
medium_airport;Wilmington International Airport;US;NC;ILM
medium_airport;Wilmington Airpark;US;OH;ILN
small_airport;Imperial Municipal Airport;US;NE;IML
small_airport;Immokalee Regional Airport;US;FL;IMM
small_airport;Madison Municipal Airport;US;IN;MDN
small_airport;Ford Airport;US;MI;IMT
large_airport;Indianapolis International Airport;US;IN;IND
medium_airport;Winkler County Airport;US;TX;INK
medium_airport;Falls International Airport;US;MN;INL
small_airport;Creech Air Force Base;US;NV;INS
medium_airport;Smith Reynolds Airport;US;NC;INT
medium_airport;Winslow Lindbergh Regional Airport;US;AZ;INW
small_airport;Iowa City Municipal Airport;US;IA;IOW
medium_airport;Imperial County Airport;US;CA;IPL
medium_airport;Williamsport Regional Airport;US;PA;IPT
medium_airport;Kirksville Regional Airport;US;MO;IRK
small_airport;Kirsch Municipal Airport;US;MI;IRS
medium_airport;Kissimmee Gateway Airport;US;FL;ISM
medium_airport;Kinston Regional Jetport At Stallings Field;US;NC;ISO
medium_airport;Long Island Mac Arthur Airport;US;NY;ISP
small_airport;Schoolcraft County Airport;US;MI;ISQ
small_airport;Alexander Field South Wood County Airport;US;WI;ISW
medium_airport;Ithaca Tompkins Regional Airport;US;NY;ITH
medium_airport;Phoenix–Mesa Gateway Airport;US;AZ;AZA
small_airport;Gogebic Iron County Airport;US;MI;IWD
small_airport;Wiscasset Airport;US;ME;ISS
small_airport;West Houston Airport;US;TX;IWS
small_airport;New Century AirCenter Airport;US;KS;JCI
small_airport;Inyokern Airport;US;CA;IYK
small_airport;Santa Ynez Airport;US;CA;SQA
small_airport;Eastern Slopes Regional Airport;US;ME;FRY
medium_airport;Jackson Hole Airport;US;WY;JAC
medium_airport;Jackson-Medgar Wiley Evers International Airport;US;MS;JAN
small_airport;Jasper County Airport Bell Field;US;TX;JAS
large_airport;Jacksonville International Airport;US;FL;JAX
medium_airport;Jonesboro Municipal Airport;US;AR;JBR
medium_airport;Kimble County Airport;US;TX;JCT
small_airport;Jordan Airport;US;MT;JDN
small_airport;Jefferson City Memorial Airport;US;MO;JEF
large_airport;John F Kennedy International Airport;US;NY;JFK
medium_airport;Chautauqua County-Jamestown Airport;US;NY;JHW
small_airport;Jack Edwards National Airport;US;AL;GUF
medium_airport;Joplin Regional Airport;US;MO;JLN
medium_airport;Jamestown Regional Airport;US;ND;JMS
small_airport;Joliet Regional Airport;US;IL;JOT
medium_airport;Concord-Padgett Regional Airport;US;NC;USA
small_airport;Cherokee County Airport;US;TX;JKV
medium_airport;John Murtha Johnstown Cambria County Airport;US;PA;JST
small_airport;Southern Wisconsin Regional Airport;US;WI;JVL
medium_airport;Jackson County Airport/Reynolds Field;US;MI;JXN
small_airport;Mesa Del Rey Airport;US;CA;KIC
medium_airport;Southwest Washington Regional Airport;US;WA;KLS
small_airport;Ekuk Airport;US;AK;KKU
small_airport;Furnace Creek Airport;US;CA;DTH
small_airport;Borrego Valley Airport;US;CA;BXS
small_airport;Big Bear City Airport;US;CA;RBF
small_airport;Trona Airport;US;CA;TRH
medium_airport;Southeast Colorado Regional Airport;US;CO;LAA
medium_airport;Purdue University Airport;US;IN;LAF
medium_airport;Lakeland Linder International Airport;US;FL;LAL
small_airport;Los Alamos Airport;US;NM;LAM
medium_airport;Capital City Airport;US;MI;LAN
medium_airport;Laramie Regional Airport;US;WY;LAR
large_airport;Harry Reid International Airport;US;NV;LAS
medium_airport;Lawton Fort Sill Regional Airport;US;OK;LAW
large_airport;Los Angeles / Tom Bradley International Airport;US;CA;LAX
medium_airport;Lubbock Preston Smith International Airport;US;TX;LBB
medium_airport;Arnold Palmer Regional Airport;US;PA;LBE
medium_airport;North Platte Regional Airport Lee Bird Field;US;NE;LBF
medium_airport;Liberal Mid-America Regional Airport;US;KS;LBL
medium_airport;Lumberton Regional Airport;US;NC;LBT
medium_airport;Texas Gulf Coast Regional Airport;US;TX;LJN
medium_airport;Lake Charles Regional Airport;US;LA;LCH
small_airport;Laconia Municipal Airport;US;NH;LCI
medium_airport;Rickenbacker International Airport;US;OH;LCK
small_airport;Lake City Gateway Airport;US;FL;LCQ
small_airport;Linden Airport;US;NJ;LDJ
small_airport;Mason County Airport;US;MI;LDM
medium_airport;Lebanon Municipal Airport;US;NH;LEB
medium_airport;Leesburg International Airport;US;FL;LEE
small_airport;Lemmon Municipal Airport;US;SD;LEM
small_airport;Auburn Lewiston Municipal Airport;US;ME;LEW
medium_airport;Blue Grass Airport;US;KY;LEX
medium_airport;Langley Air Force Base;US;VA;LFI
medium_airport;Angelina County Airport;US;TX;LFK
medium_airport;Lafayette Regional Airport;US;LA;LFT
large_airport;La Guardia Airport;US;NY;LGA
medium_airport;Long Beach Airport (Daugherty Field);US;CA;LGB
small_airport;LaGrange Callaway Airport;US;GA;LGC
small_airport;La Grande/Union County Airport;US;OR;LGD
small_airport;Laguna Army Airfield;US;AZ;LGF
medium_airport;Logan-Cache Airport;US;UT;LGU
small_airport;William T. Piper Memorial Airport;US;PA;LHV
small_airport;MidCoast Regional Airport at Wright Army Airfield;US;GA;LIY
small_airport;Triangle North Executive Airport;US;NC;LFN
small_airport;Limon Municipal Airport;US;CO;LIC
medium_airport;Bill & Hillary Clinton National Airport/Adams Field;US;AR;LIT
small_airport;Lake Placid Airport;US;NY;LKP
small_airport;Louisa County Airport / Freeman Field;US;VA;LOW
small_airport;Lake County Airport;US;OR;LKV
small_airport;Challis Airport;US;ID;CHL
small_airport;Louisville Winston County Airport;US;MS;LMS
medium_airport;Crater Lake-Klamath Regional Airport;US;OR;LMT
small_airport;Palm Beach County Park Airport;US;FL;LNA
medium_airport;Hunt Field;US;WY;LND
medium_airport;Lincoln Airport;US;NE;LNK
small_airport;Lake County Executive Airport;US;OH;LNN
small_airport;Lonesome Pine Airport;US;VA;LNP
small_airport;Tri-County Regional Airport;US;WI;LNR
medium_airport;Lancaster Airport;US;PA;LNS
medium_airport;Derby Field;US;NV;LOL
small_airport;Wings Field;US;PA;BBX
small_airport;Lewis University Airport;US;IL;LOT
medium_airport;Bowman Field;US;KY;LOU
medium_airport;London-Corbin Airport/Magee Field;US;KY;LOZ
small_airport;Lompoc Airport;US;CA;LPC
small_airport;Pickens County Airport;US;SC;LQK
medium_airport;Laredo International Airport;US;TX;LRD
medium_airport;Little Rock Air Force Base;US;AR;LRF
small_airport;Le Mars Municipal Airport;US;IA;LRJ
medium_airport;Las Cruces International Airport;US;NM;LRU
small_airport;Lordsburg Municipal Airport;US;NM;LSB
medium_airport;La Crosse Regional Airport;US;WI;LSE
medium_airport;Lawson Army Air Field;US;GA;LSF
small_airport;Lusk Municipal Airport;US;WY;LSK
small_airport;Los Banos Municipal Airport;US;CA;LSN
medium_airport;Nellis Air Force Base;US;NV;LSV
medium_airport;Altus Air Force Base;US;OK;LTS
medium_airport;Luke Air Force Base;US;AZ;LUF
medium_airport;Cincinnati Municipal Airport Lunken Field;US;OH;LUK
small_airport;Hesler Noble Field;US;MS;LUL
small_airport;Livermore Municipal Airport;US;CA;LVK
small_airport;Brunswick Municipal Airport;US;VA;LVL
medium_airport;Mission Field;US;MT;LVM
medium_airport;Las Vegas Municipal Airport;US;NM;LVS
medium_airport;Greenbrier Valley Airport;US;WV;LWB
small_airport;Lawrence Municipal Airport;US;KS;LWC
small_airport;Wells Municipal Airport/Harriet Field;US;NV;LWL
medium_airport;Lawrence Municipal Airport;US;MA;LWM
medium_airport;Lewiston Nez Perce County Airport;US;ID;LWS
medium_airport;Lewistown Municipal Airport;US;MT;LWT
small_airport;Lawrenceville Vincennes International Airport;US;IL;LWV
small_airport;Jim Kelly Field;US;NE;LXN
small_airport;Lake County Airport;US;CO;LXV
medium_airport;Lynchburg Regional Airport - Preston Glenn Field;US;VA;LYH
small_airport;Lyons-Rice County Municipal Airport;US;KS;LYO
small_airport;Gwinnett County Briscoe Field;US;GA;LZU
small_airport;Poplarville Pearl River County Airport;US;MS;PCU
small_airport;Malta Airport;US;MT;MLK
small_airport;Macon Downtown Airport;US;GA;MAC
small_airport;Madera Municipal Airport;US;CA;MAE
medium_airport;Midland International Air and Space Port;US;TX;MAF
small_airport;Malden Regional Airport;US;MO;MAW
medium_airport;Mobridge Municipal Airport;US;SD;MBG
small_airport;Manistee County Blacker Airport;US;MI;MBL
small_airport;Bruce Campbell Field;US;MS;DXE
medium_airport;MBS International Airport;US;MI;MBS
small_airport;Omar N Bradley Airport;US;MO;MBY
medium_airport;McComb-Pike County Airport / John E Lewis Field;US;MS;MCB
medium_airport;McClellan Airfield;US;CA;MCC
small_airport;Mackinac Island Airport;US;MI;MCD
medium_airport;Merced Regional Macready Field;US;CA;MCE
medium_airport;MacDill Air Force Base;US;FL;MCF
large_airport;Kansas City International Airport;US;MO;MCI
medium_airport;McCook Ben Nelson Regional Airport;US;NE;MCK
medium_airport;Middle Georgia Regional Airport;US;GA;MCN
large_airport;Orlando International Airport;US;FL;MCO
medium_airport;Mason City Municipal Airport;US;IA;MCW
small_airport;Midland Airpark;US;TX;MDD
medium_airport;Southern Illinois Airport;US;IL;MDH
small_airport;Madison Municipal Airport;US;SD;XMD
medium_airport;Harrisburg International Airport;US;PA;MDT
large_airport;Chicago Midway International Airport;US;IL;MDW
small_airport;Taylor County Airport;US;WI;MDF
small_airport;Laurinburg Maxton Airport;US;NC;MXE
medium_airport;Key Field / Meridian Regional Airport;US;MS;MEI
large_airport;Memphis International Airport;US;TN;MEM
medium_airport;Castle Airport;US;CA;MER
small_airport;Minden-Tahoe Airport;US;NV;MEV
small_airport;Mena Intermountain Municipal Airport;US;AR;UMZ
medium_airport;Mansfield Lahm Regional Airport;US;OH;MFD
medium_airport;McAllen Miller International Airport;US;TX;MFE
small_airport;Marshfield Municipal Airport;US;WI;MFI
medium_airport;Rogue Valley International Medford Airport;US;OR;MFR
small_airport;Accomack County Airport;US;VA;MFV
small_airport;Michigan City Municipal Airport;US;IN;MGC
medium_airport;Dobbins Air Reserve Base;US;GA;MGE
small_airport;Orange County Airport;US;NY;MGJ
medium_airport;Montgomery Regional (Dannelly Field) Airport;US;AL;MGM
small_airport;Moultrie Municipal Airport;US;GA;MGR
medium_airport;Morgantown Municipal Airport Walter L. (Bill) Hart Field;US;WV;MGW
small_airport;Dayton-Wright Brothers Airport;US;OH;MGY
small_airport;Mitchell Municipal Airport;US;SD;MHE
medium_airport;Manhattan Regional Airport;US;KS;MHK
small_airport;Marshall Memorial Municipal Airport;US;MO;MHL
medium_airport;Sacramento Mather Airport;US;CA;MHR
medium_airport;Manchester-Boston Regional Airport;US;NH;MHT
small_airport;Mojave Airport;US;CA;MHV
large_airport;Miami International Airport;US;FL;MIA
medium_airport;Minot Air Force Base;US;ND;MIB
medium_airport;Delaware County Johnson Field;US;IN;MIE
small_airport;Shafter Airport - Minter Field;US;CA;MIT
medium_airport;Millville Municipal Airport;US;NJ;MIV
small_airport;Ocean County Airport;US;NJ;MJX
medium_airport;Charles B. Wheeler Downtown Airport;US;MO;MKC
large_airport;General Mitchell International Airport;US;WI;MKE
medium_airport;Muskegon County Airport;US;MI;MKG
medium_airport;McKellar-Sipes Regional Airport;US;TN;MKL
small_airport;Marco Island Executive Airport;US;FL;MRK
medium_airport;Melbourne Orlando International Airport;US;FL;MLB
medium_airport;Mc Alester Regional Airport;US;OK;MLC
small_airport;Millard Airport;US;NE;MIQ
medium_airport;Quad City International Airport;US;IL;MLI
medium_airport;Miles City Airport - Frank Wiley Field;US;MT;MLS
medium_airport;Monroe Regional Airport;US;LA;MLU
small_airport;Mammoth Yosemite Airport;US;CA;MMH
small_airport;McMinn County Airport;US;TN;MMI
small_airport;Southwest Minnesota Regional Airport - Marshall/Ryan Field;US;MN;MML
small_airport;Selfs Airport;US;MS;MMS
medium_airport;Mc Entire Joint National Guard Base;US;SC;MMT
medium_airport;Morristown Municipal Airport;US;NJ;MMU
small_airport;Menominee–Marinette Twin County Airport;US;MI;MNM
small_airport;Marion Municipal Airport;US;OH;MNN
medium_airport;Mobile Regional Airport;US;AL;MOB
medium_airport;Modesto City Co-Harry Sham Field;US;CA;MOD
medium_airport;Minot International Airport;US;ND;MOT
small_airport;Mariposa Yosemite Airport;US;CA;RMY
small_airport;Petit Jean Park Airport;US;AR;MPJ
small_airport;Pocono Mountains Municipal Airport;US;PA;MPO
medium_airport;Edward F Knapp State Airport;US;VT;MPV
small_airport;Mount Pleasant Municipal Airport;US;IA;MPZ
small_airport;Macomb Municipal Airport;US;IL;MQB
small_airport;Dare County Regional Airport;US;NC;MEO
small_airport;Chester County G O Carlson Airport;US;PA;CTH
medium_airport;Smyrna Airport;US;TN;MQY
medium_airport;Eastern WV Regional Airport/Shepherd Field;US;WV;MRB
small_airport;Maury County Airport;US;TN;MRC
small_airport;Marfa Municipal Airport;US;TX;MRF
small_airport;Foothills Regional Airport;US;NC;MRN
medium_airport;Monterey Peninsula Airport;US;CA;MRY
medium_airport;Northwest Alabama Regional Airport;US;AL;MSL
medium_airport;Dane County Regional Truax Field;US;WI;MSN
medium_airport;Missoula International Airport;US;MT;MSO
large_airport;Minneapolis–Saint Paul International Airport / Wold–Chamberlain Field;US;MN;MSP
medium_airport;Massena International Airport Richards Field;US;NY;MSS
small_airport;Sullivan County International Airport;US;NY;MSV
large_airport;Louis Armstrong New Orleans International Airport;US;LA;MSY
medium_airport;Selfridge Air National Guard Base Airport;US;MI;MTC
medium_airport;The Florida Keys Marathon Airport;US;FL;MTH
medium_airport;Montrose Regional Airport;US;CO;MTJ
medium_airport;Martin State Airport;US;MD;MTN
small_airport;Coles County Memorial Airport;US;IL;MTO
small_airport;Montauk Airport;US;NY;MTP
small_airport;Manitowoc County Airport;US;WI;MTW
medium_airport;Muir Army Air Field (Fort Indiantown Gap) Airport;US;PA;MUI
medium_airport;Mountain Home Air Force Base;US;ID;MUO
small_airport;Muscatine Municipal Airport;US;IA;MUT
small_airport;Monroe County Aeroplex Airport;US;AL;MVC
small_airport;Montevideo Chippewa County Airport;US;MN;MVE
small_airport;Morrisville-Stowe State Airport;US;VT;MVL
small_airport;Martha's Vineyard Airport;US;MA;MVY
small_airport;Veterans Airport of Southern Illinois;US;IL;MWA
small_airport;Lawrence J Timmerman Airport;US;WI;MWC
medium_airport;Grant County International Airport;US;WA;MWH
small_airport;Mineral Wells Regional Airport;US;TX;MWL
small_airport;Middletown Regional Airport;US;OH;MWO
small_airport;Manila Municipal Airport;US;AR;MXA
medium_airport;Maxwell Air Force Base;US;AL;MXF
small_airport;Montgomery-Gibbs Executive Airport;US;CA;MYF
medium_airport;McCall Municipal Airport;US;ID;MYL
medium_airport;Myrtle Beach International Airport;US;SC;MYR
medium_airport;Yuba County Airport;US;CA;MYV
small_airport;Pinal Airpark;US;AZ;MZJ
small_airport;Marion Municipal Airport;US;IN;MZZ
small_airport;Cortland County Chase Field;US;NY;CTX
small_airport;Sidney Municipal Airport;US;NY;SXY
medium_airport;New Orleans NAS JRB/Alvin Callender Field;US;LA;NBG
small_airport;Naval Outlying Field Barin;US;AL;NHX
small_airport;Dahlgren Naval Surface Warfare Center Airport;US;VA;DGN
medium_airport;Lakehurst Maxfield Field Airport;US;NJ;NEL
small_airport;Whitehouse Naval Outlying Field;US;FL;NEN
medium_airport;Lakefront Airport;US;LA;NEW
medium_airport;Fallon Naval Air Station;US;NV;NFL
medium_airport;NAS Fort Worth JRB / Carswell Field;US;TX;FWH
medium_airport;Norfolk Naval Station (Chambers Field);US;VA;NGU
medium_airport;Patuxent River Naval Air Station (Trapnell Field);US;MD;NHK
medium_airport;Brunswick Executive Airport;US;ME;NHZ
medium_airport;Jacksonville Naval Air Station (Towers Field);US;FL;NIP
medium_airport;El Centro NAF Airport (Vraciu Field);US;CA;NJK
medium_airport;Miramar Marine Corps Air Station - Mitscher Field;US;CA;NKX
medium_airport;Lemoore Naval Air Station (Reeves Field) Airport;US;CA;NLC
medium_airport;Naval Air Station Pensacola Forrest Sherman Field;US;FL;NPA
medium_airport;Millington-Memphis Airport;US;TN;NQA
medium_airport;Kingsville Naval Air Station;US;TX;NQI
medium_airport;Naval Air Station Key West/Boca Chica Field;US;FL;NQX
medium_airport;Naval Station Mayport / Admiral David L McDonald Field;US;FL;NRB
small_airport;Naval Outlying Field Imperial Beach (Ream Field);US;CA;NRS
medium_airport;Whiting Field Naval Air Station - North;US;FL;NSE
medium_airport;Point Mugu Naval Air Station (Naval Base Ventura Co);US;CA;NTD
medium_airport;Oceana Naval Air Station;US;VA;NTU
medium_airport;Moffett Federal Airfield;US;CA;NUQ
medium_airport;Whidbey Island Naval Air Station (Ault Field);US;WA;NUW
medium_airport;Yuma International Airport / Marine Corps Air Station Yuma;US;AZ;YUM
medium_airport;North Island Naval Air Station-Halsey Field;US;CA;NZY
small_airport;Nervino Airport;US;CA;NVN
small_airport;Columbia Airport;US;CA;COA
small_airport;Oakdale Airport;US;CA;ODC
small_airport;Yerington Municipal Airport;US;NV;EYR
medium_airport;Albert J Ellis Airport;US;NC;OAJ
large_airport;Metropolitan Oakland International Airport;US;CA;OAK
small_airport;Marina Municipal Airport;US;CA;OAR
small_airport;Okeechobee County Airport;US;FL;OBE
small_airport;Ocala International Airport - Jim Taylor Field;US;FL;OCF
small_airport;A L Mangham Jr. Regional Airport;US;TX;OCH
small_airport;Warren Field;US;NC;OCW
small_airport;O'Neal Airport;US;IL;OEA
small_airport;L O Simenstad Municipal Airport;US;WI;OEO
medium_airport;Karl Stefan Memorial Airport;US;NE;OFK
small_airport;Searle Field;US;NE;OGA
medium_airport;Orangeburg Municipal Airport;US;SC;OGB
medium_airport;Ogden Hinckley Airport;US;UT;OGD
medium_airport;Ogdensburg International Airport;US;NY;OGS
small_airport;Lt Warren Eaton Airport;US;NY;OIC
small_airport;Johnson County Executive Airport;US;KS;OJC
small_airport;Oceanside Municipal Airport;US;CA;OCN
medium_airport;Will Rogers World Airport;US;OK;OKC
small_airport;AJ Eisenberg Airport;US;WA;ODW
small_airport;Kokomo Municipal Airport;US;IN;OKK
small_airport;Okmulgee Regional Airport;US;OK;OKM
small_airport;Garden County Airport/King Rhiley Field;US;NE;OKS
small_airport;Winchester Regional Airport;US;VA;WGO
small_airport;Dewitt Field - Old Town Municipal Airport;US;ME;OLD
medium_airport;L M Clayton Airport;US;MT;OLF
medium_airport;Olympia Regional Airport;US;WA;OLM
medium_airport;Nogales International Airport;US;AZ;OLS
small_airport;Olive Branch Airport;US;MS;OLV
large_airport;Eppley Airfield;US;NE;OMA
small_airport;Omak Airport;US;WA;OMK
small_airport;The O'Neill Municipal John L Baker Field;US;NE;ONL
medium_airport;Ontario Municipal Airport;US;OR;ONO
medium_airport;Newport Municipal Airport;US;OR;ONP
large_airport;Ontario International Airport;US;CA;ONT
medium_airport;Miami-Opa Locka Executive Airport;US;FL;OPF
medium_airport;Quonset State Airport;US;RI;NCO
large_airport;Chicago O'Hare International Airport;US;IL;ORD
medium_airport;Norfolk International Airport;US;VA;ORF
medium_airport;Worcester Regional Airport;US;MA;ORH
small_airport;Orlando Executive Airport;US;FL;ORL
small_airport;Orcas Island Airport;US;WA;ESD
small_airport;Oscoda Wurtsmith Airport;US;MI;OSC
medium_airport;Wittman Regional Airport;US;WI;OSH
medium_airport;The Ohio State University Airport - Don Scott Field;US;OH;OSU
medium_airport;Southwest Oregon Regional Airport;US;OR;OTH
medium_airport;Ottumwa Regional Airport;US;IA;OTM
small_airport;University of Oklahoma Westheimer Airport;US;OK;OUN
small_airport;Oroville Municipal Airport;US;CA;OVE
small_airport;Owatonna Degner Regional Airport;US;MN;OWA
medium_airport;Owensboro Daviess County Airport;US;KY;OWB
medium_airport;Norwood Memorial Airport;US;MA;OWD
small_airport;Central Maine/Norridgewock Airport;US;ME;OWK
small_airport;Ocean City Municipal Airport;US;MD;OCE
small_airport;Waterbury Oxford Airport;US;CT;OXC
small_airport;Miami University Airport;US;OH;OXD
medium_airport;Oxnard Airport;US;CA;OXR
small_airport;St Marys Municipal Airport;US;PA;STQ
small_airport;Ozona Municipal Airport;US;TX;OZA
medium_airport;Cairns AAF (Fort Rucker) Air Field;US;AL;OZR
small_airport;Bisbee Municipal Airport;US;AZ;BSQ
small_airport;Polacca Airport;US;AZ;PXL
small_airport;San Carlos Apache Airport;US;AZ;GLB
small_airport;Holbrook Municipal Airport;US;AZ;HBK
small_airport;Cochise County Airport;US;AZ;CWX
medium_airport;Seattle Paine Field International Airport;US;WA;PAE
medium_airport;Barkley Regional Airport;US;KY;PAH
medium_airport;Tyndall Air Force Base;US;FL;PAM
small_airport;Payson Airport;US;AZ;PJB
small_airport;Palo Alto Airport of Santa Clara County;US;CA;PAO
medium_airport;Pine Bluff Regional Airport, Grider Field;US;AR;PBF
medium_airport;Plattsburgh International Airport;US;NY;PBG
large_airport;Palm Beach International Airport;US;FL;PBI
small_airport;Pike County-Hatcher Field;US;KY;PVL
small_airport;Prairie Du Chien Municipal Airport;US;WI;PCD
medium_airport;DeKalb Peachtree Airport;US;GA;PDK
medium_airport;Eastern Oregon Regional Airport at Pendleton;US;OR;PDT
large_airport;Portland International Airport;US;OR;PDX
small_airport;Pecos Municipal Airport;US;TX;PEQ
medium_airport;Page Municipal Airport;US;AZ;PGA
medium_airport;Charlotte County Airport;US;FL;PGD
small_airport;Kirk Field;US;AR;PGR
medium_airport;Pitt Greenville Airport;US;NC;PGV
small_airport;Harry Clever Field;US;OH;PHD
medium_airport;Newport News Williamsburg International Airport;US;VA;PHF
small_airport;Robert F Swinnie Airport;US;SC;ADR
small_airport;Palm Beach County Glades Airport;US;FL;PHK
large_airport;Philadelphia International Airport;US;PA;PHL
small_airport;St Clair County International Airport;US;MI;PHN
small_airport;Philip Airport;US;SD;PHP
small_airport;Henry County Airport;US;TN;PHT
large_airport;Phoenix Sky Harbor International Airport;US;AZ;PHX
medium_airport;General Wayne A. Downing Peoria International Airport;US;IL;PIA
medium_airport;Hattiesburg Laurel Regional Airport;US;MS;PIB
medium_airport;St. Petersburg Clearwater International Airport;US;FL;PIE
medium_airport;Pocatello Regional Airport;US;ID;PIH
small_airport;Harris County Airport;US;GA;PIM
medium_airport;Pierre Regional Airport;US;SD;PIR
large_airport;Pittsburgh International Airport;US;PA;PIT
medium_airport;Mid Ohio Valley Regional Airport;US;WV;PKB
small_airport;Park Rapids Municipal Konshok Field;US;MN;PKD
small_airport;Park Falls Municipal Airport;US;WI;PKF
small_airport;M. Graham Clark Downtown Airport;US;MO;PLK
medium_airport;Pellston Regional Airport of Emmet County Airport;US;MI;PLN
small_airport;St Clair County Airport;US;AL;PLR
small_airport;Pembina Municipal Airport;US;ND;PMB
medium_airport;Palmdale Regional Airport / USAF Plant 42 Airport;US;CA;PMD
small_airport;Greater Portsmouth Regional Airport;US;OH;PMH
small_airport;Pompano Beach Airpark;US;FL;PPM
medium_airport;Ralph Wenz Field;US;WY;PWY
medium_airport;Ponca City Regional Airport;US;OK;PNC
medium_airport;Northeast Philadelphia Airport;US;PA;PNE
small_airport;Princeton Municipal Airport;US;ME;PNN
medium_airport;Pensacola International Airport;US;FL;PNS
medium_airport;Pope Field;US;NC;POB
small_airport;Brackett Field;US;CA;POC
medium_airport;Polk Army Air Field;US;LA;POE
small_airport;Poplar Bluff Municipal Airport;US;MO;POF
medium_airport;Dutchess County Airport;US;NY;POU
small_airport;Powell Municipal Airport;US;WY;POY
small_airport;Perry Lefors Field;US;TX;PPA
small_airport;Tri-City Airport;US;KS;PPF
small_airport;La Porte Municipal Airport;US;IN;LPO
medium_airport;Presque Isle International Airport;US;ME;PQI
small_airport;Trent Lott International Airport;US;MS;PGL
medium_airport;Paso Robles Municipal Airport;US;CA;PRB
medium_airport;Prescott International Airport - Ernest A. Love Field;US;AZ;PRC
small_airport;Perry Municipal Airport;US;IA;PRO
medium_airport;Cox Field;US;TX;PRX
medium_airport;Tri Cities Airport;US;WA;PSC
small_airport;Pittsfield Municipal Airport;US;MA;PSF
small_airport;New River Valley Airport;US;VA;PSK
medium_airport;Portsmouth International at Pease Airport;US;NH;PSM
small_airport;Palestine Municipal Airport;US;TX;PSN
small_airport;Stevens Field;US;CO;PGO
medium_airport;Palm Springs International Airport;US;CA;PSP
small_airport;Palacios Municipal Airport;US;TX;PSX
small_airport;Dinwiddie County Airport;US;VA;PTB
medium_airport;Oakland County International Airport;US;MI;PTK
small_airport;Harry P Williams Memorial Airport;US;LA;PTN
small_airport;Pratt Regional Airport;US;KS;PTT
small_airport;Porterville Municipal Airport;US;CA;PTV
small_airport;Heritage Field;US;PA;PTW
medium_airport;Pueblo Memorial Airport;US;CO;PUB
small_airport;Carbon County Regional Airport / Buck Davis Field;US;UT;PUC
medium_airport;Pullman Moscow Regional Airport;US;WA;PUW
small_airport;Provincetown Municipal Airport;US;MA;PVC
large_airport;Theodore Francis Green State Airport;US;RI;PVD
small_airport;Placerville Airport;US;CA;PVF
medium_airport;Provo-Utah Lake International Airport;US;UT;PVU
small_airport;Hale County Airport;US;TX;PVW
small_airport;Wiley Post Airport;US;OK;PWA
small_airport;Sher-Wood Airport;US;MT;PWD
medium_airport;Chicago Executive Airport;US;IL;PWK
large_airport;Portland International Jetport;US;ME;PWM
medium_airport;Bremerton National Airport;US;WA;PWT
small_airport;Plymouth Municipal Airport;US;MA;PYM
small_airport;Aban Uqua Airportse;US;ID;QKA
small_airport;John H Batten Airport;US;WI;RAC
medium_airport;Riverside Municipal Airport;US;CA;RAL
medium_airport;Rapid City Regional Airport;US;SD;RAP
small_airport;Dallas Executive Airport;US;TX;RBD
small_airport;Roseburg Regional Airport;US;OR;RBG
medium_airport;Red Bluff Municipal Airport;US;CA;RBL
small_airport;Lowcountry Regional Airport;US;SC;RBW
medium_airport;Ellsworth Air Force Base;US;SD;RCA
small_airport;H H Coffield Regional Airport;US;TX;RCK
small_airport;Fulton County Airport;US;IN;RCR
small_airport;Nartron Field;US;MI;RCT
medium_airport;Redding Municipal Airport;US;CA;RDD
medium_airport;Reading Regional Airport (Carl A Spaatz Field);US;PA;RDG
medium_airport;Roberts Field;US;OR;RDM
medium_airport;Grand Forks Air Force Base;US;ND;RDR
large_airport;Raleigh Durham International Airport;US;NC;RDU
small_airport;Rome State Airport;US;OR;REO
medium_airport;Chicago Rockford International Airport;US;IL;RFD
small_airport;Rooke Field;US;TX;RFG
medium_airport;Rhinelander Oneida County Airport;US;WI;RHI
small_airport;Reid-Hillview Airport of Santa Clara County;US;CA;RHV
large_airport;Richmond International Airport;US;VA;RIC
medium_airport;Garfield County Regional Airport;US;CO;RIL
medium_airport;March Air Reserve Base;US;CA;RIV
medium_airport;Central Wyoming Regional Airport;US;WY;RIW
small_airport;Knox County Regional Airport;US;ME;RKD
small_airport;Aransas County Airport;US;TX;RKP
medium_airport;Southwest Wyoming Regional Airport;US;WY;RKS
small_airport;Rockwood Municipal Airport;US;TN;RKW
medium_airport;Griffiss International Airport;US;NY;RME
medium_airport;Richard B Russell Airport;US;GA;RMG
small_airport;Warren County Memorial Airport;US;TN;RNC
medium_airport;Randolph Air Force Base;US;TX;RND
large_airport;Reno Tahoe International Airport;US;NV;RNO
small_airport;Renton Municipal Airport;US;WA;RNT
medium_airport;Roanoke–Blacksburg Regional Airport;US;VA;ROA
medium_airport;Frederick Douglass Greater Rochester International Airport;US;NY;ROC
small_airport;Rogers Municipal Airport-Carter Field;US;AR;ROG
medium_airport;Roswell Air Center Airport;US;NM;ROW
small_airport;Roseau Municipal Rudy Billberg Field;US;MN;ROX
small_airport;Rice Lake Regional Airport - Carl's Field;US;WI;RIE
small_airport;Roundup Airport;US;MT;RPX
small_airport;Roben Hood Airport;US;MI;WBR
small_airport;El Reno Regional Airport;US;OK;RQO
small_airport;Merrill Municipal Airport;US;WI;RRL
small_airport;Warroad International Memorial Airport;US;MN;RRT
medium_airport;Russell Municipal Airport;US;KS;RSL
small_airport;Ruston Regional Airport;US;LA;RSN
medium_airport;Rochester International Airport;US;MN;RST
large_airport;Southwest Florida International Airport;US;FL;RSW
small_airport;Raton Municipal Airport / Crews Field;US;NM;RTN
small_airport;Mid-Carolina Regional Airport;US;NC;SRW
medium_airport;Rutland - Southern Vermont Regional Airport;US;VT;RUT
small_airport;Mifflin County Airport;US;PA;RED
medium_airport;Richard Lloyd Jones Jr Airport;US;OK;RVS
medium_airport;Redwood Falls Municipal Airport;US;MN;RWF
medium_airport;Rocky Mount Wilson Regional Airport;US;NC;RWI
medium_airport;Rawlins Municipal Airport/Harvey Field;US;WY;RWL
small_airport;Rexburg Madison County Airport;US;ID;RXE
small_airport;Jasper County Airport;US;IN;RNZ
small_airport;Ashland Municipal Airport-Sumner Parker Field;US;OR;AHM
small_airport;Bandon State Airport;US;OR;BDY
small_airport;Sunriver Airport;US;OR;SUO
small_airport;Madras Municipal Airport;US;OR;MDJ
small_airport;Prineville Airport;US;OR;PRZ
small_airport;Idaho County Airport;US;ID;IDH
small_airport;Shively Field;US;WY;SAA
medium_airport;Sacramento Executive Airport;US;CA;SAC
small_airport;Safford Regional Airport;US;AZ;SAD
medium_airport;Santa Fe Municipal Airport;US;NM;SAF
large_airport;San Diego International Airport;US;CA;SAN
small_airport;Sparta Community Airport - Hunter Field;US;IL;SAR
large_airport;San Antonio International Airport;US;TX;SAT
large_airport;Savannah Hilton Head International Airport;US;GA;SAV
medium_airport;Marquette/Sawyer International Airport;US;MI;MQT
medium_airport;Santa Barbara Municipal Airport;US;CA;SBA
medium_airport;San Bernardino International Airport;US;CA;SBD
small_airport;Sheboygan County Memorial Airport;US;WI;SBM
medium_airport;South Bend Regional Airport;US;IN;SBN
medium_airport;San Luis County Regional Airport;US;CA;SBP
small_airport;Steamboat Springs Bob Adams Field;US;CO;SBS
small_airport;Shelby Airport;US;MT;SBX
medium_airport;Salisbury Ocean City Wicomico Regional Airport;US;MD;SBY
small_airport;Scribner State Airport;US;NE;SCB
medium_airport;Schenectady County Airport;US;NY;SCH
medium_airport;Stockton Metropolitan Airport;US;CA;SCK
large_airport;Louisville Muhammad Ali International Airport;US;KY;SDF
small_airport;Scottsdale Airport;US;AZ;SCF
medium_airport;Brown Field Municipal Airport;US;CA;SDM
medium_airport;Sidney - Richland Regional Airport;US;MT;SDY
large_airport;Seattle–Tacoma International Airport;US;WA;SEA
small_airport;Gillespie Field;US;CA;SEE
small_airport;Sebring Regional Airport;US;FL;SEF
small_airport;Penn Valley Airport;US;PA;SEG
small_airport;Craig Field;US;AL;SEM
small_airport;Stephenville Clark Regional Airport;US;TX;SEP
small_airport;Freeman Municipal Airport;US;IN;SER
small_airport;Sedona Airport;US;AZ;SDX
large_airport;Orlando Sanford International Airport;US;FL;SFB
medium_airport;Felts Field;US;WA;SFF
small_airport;Sanford Seacoast Regional Airport;US;ME;SFM
large_airport;San Francisco International Airport;US;CA;SFO
small_airport;North Central State Airport;US;RI;SFZ
medium_airport;Springfield Branson National Airport;US;MO;SGF
medium_airport;Springfield-Beckley Municipal Airport;US;OH;SGH
medium_airport;Northeast Florida Regional Airport;US;FL;UST
medium_airport;Sugar Land Regional Airport;US;TX;SGR
small_airport;Stuttgart Municipal Airport / Carl Humphrey Field;US;AR;SGT
medium_airport;St George Regional Airport;US;UT;SGU
medium_airport;Shenandoah Valley Regional Airport;US;VA;SHD
small_airport;Sanderson Field;US;WA;SHN
medium_airport;Sheridan County Airport;US;WY;SHR
medium_airport;Shreveport Regional Airport;US;LA;SHV
small_airport;Sikeston Memorial Municipal Airport;US;MO;SIK
small_airport;Sullivan County Airport;US;IN;SIV
large_airport;Norman Y. Mineta San Jose International Airport;US;CA;SJC
small_airport;St Johns Industrial Air Park;US;AZ;SJN
medium_airport;San Angelo Regional Mathis Field;US;TX;SJT
medium_airport;Fairchild Air Force Base;US;WA;SKA
medium_airport;Lackland Air Force Base;US;TX;SKF
small_airport;Taos Regional Airport;US;NM;TSM
small_airport;Storm Lake Municipal Airport;US;IA;SLB
large_airport;Salt Lake City International Airport;US;UT;SLC
medium_airport;Salem Municipal Airport/McNary Field;US;OR;SLE
small_airport;Smith Field;US;AR;SLG
medium_airport;Adirondack Regional Airport;US;NY;SLK
medium_airport;Salina Municipal Airport;US;KS;SLN
small_airport;Salem–Leckrone Airport;US;IL;SLO
small_airport;Sulphur Springs Municipal Airport;US;TX;SLR
small_airport;Smith Field;US;IN;SMD
medium_airport;Lake Cumberland Regional Airport;US;KY;SME
large_airport;Sacramento International Airport;US;CA;SMF
medium_airport;Lemhi County Airport;US;ID;SMN
medium_airport;Santa Monica Municipal Airport;US;CA;SMO
small_airport;Sumter Airport;US;SC;SUM
medium_airport;Santa Maria Public Airport Captain G Allan Hancock Field;US;CA;SMX
large_airport;John Wayne Orange County International Airport;US;CA;SNA
small_airport;Winston Field;US;TX;SNK
small_airport;Shawnee Regional Airport;US;OK;SNL
medium_airport;Salinas Municipal Airport;US;CA;SNS
medium_airport;Sidney Municipal Airport Lloyd W Carr Field;US;NE;SNY
small_airport;Moore County Airport;US;NC;SOP
small_airport;Show Low Regional Airport;US;AZ;SOW
small_airport;Spartanburg Downtown Memorial Airport;US;SC;SPA
small_airport;Black Hills Airport-Clyde Ice Field;US;SD;SPF
small_airport;Albert Whitted Airport;US;FL;SPG
medium_airport;Abraham Lincoln Capital Airport;US;IL;SPI
medium_airport;Sheppard Air Force Base / Wichita Falls Municipal Airport;US;TX;SPS
small_airport;Spencer Municipal Airport;US;IA;SPW
small_airport;Whiteside County Airport - Joseph H Bittorf Field;US;IL;SQI
small_airport;San Carlos Airport;US;CA;SQL
medium_airport;Sarasota Bradenton International Airport;US;FL;SRQ
medium_airport;Sierra Blanca Regional Airport;US;NM;RUI
medium_airport;Shaw Air Force Base;US;SC;SSC
medium_airport;Stinson Municipal Airport;US;TX;SSF
medium_airport;St Simons Island Airport;US;GA;SSI
medium_airport;Saint Cloud Regional Airport;US;MN;STC
small_airport;Stevens Point Municipal Airport;US;WI;STE
medium_airport;Rosecrans Memorial Airport;US;MO;STJ
small_airport;Sterling Municipal Airport;US;CO;STK
large_airport;St Louis Lambert International Airport;US;MO;STL
medium_airport;St Paul Downtown Holman Field;US;MN;STP
medium_airport;Charles M. Schulz Sonoma County Airport;US;CA;STS
small_airport;Witham Field;US;FL;SUA
small_airport;Stroud Municipal Airport;US;OK;SUD
small_airport;Door County Cherryland Airport;US;WI;SUE
medium_airport;Friedman Memorial Airport;US;ID;SUN
medium_airport;Spirit of St Louis Airport;US;MO;SUS
medium_airport;Travis Air Force Base;US;CA;SUU
small_airport;Richard I Bong Memorial Airport;US;WI;SUW
medium_airport;Sioux Gateway Airport / Brigadier General Bud Day Field;US;IA;SUX
small_airport;Grant County Airport;US;NM;SVC
small_airport;Susanville Municipal Airport;US;CA;SVE
small_airport;Statesville Regional Airport;US;NC;SVH
medium_airport;Hunter Army Air Field;US;GA;SVN
medium_airport;New York Stewart International Airport;US;NY;SWF
medium_airport;Stillwater Regional Airport;US;OK;SWO
small_airport;Avenger Field;US;TX;SWW
small_airport;Bomar Field Shelbyville Municipal Airport;US;TN;SYI
large_airport;Syracuse Hancock International Airport;US;NY;SYR
small_airport;Sylvester Airport;US;GA;SYV
medium_airport;Whiteman Air Force Base;US;MO;SZL
small_airport;Tuba City Airport;US;AZ;TBC
small_airport;Perry Stokes Airport;US;CO;TAD
medium_airport;Waynesville-St. Robert Regional Airport-Forney Field;US;MO;TBN
small_airport;Statesboro Bulloch County Airport;US;GA;TBR
medium_airport;Tucumcari Municipal Airport;US;NM;TCC
medium_airport;Tuscaloosa National Airport;US;AL;TCL
medium_airport;McChord Air Force Base;US;WA;TCM
medium_airport;Truth or Consequences Municipal Airport;US;NM;TCS
small_airport;Ed Carlson Memorial Field South Lewis County Airport;US;WA;TDO
small_airport;Tradewind Airport;US;TX;TDW
small_airport;Toledo Executive Airport;US;OH;TDZ
medium_airport;Teterboro Airport;US;NJ;TEB
small_airport;Telluride Regional Airport;US;CO;TEX
small_airport;Tullahoma Regional Arpt/Wm Northern Field;US;TN;THA
small_airport;Thompson Falls Airport;US;MT;THM
small_airport;York Airport;US;PA;THV
medium_airport;Tinker Air Force Base;US;OK;TIK
medium_airport;Tacoma Narrows Airport;US;WA;TIW
medium_airport;Space Coast Regional Airport;US;FL;TIX
small_airport;Kennett Memorial Airport;US;MO;KNT
medium_airport;Tallahassee Regional Airport;US;FL;TLH
small_airport;Mefford Field;US;CA;TLR
small_airport;Henry Tift Myers Airport;US;GA;TMA
medium_airport;Miami Executive Airport;US;FL;TMB
small_airport;Tillamook Airport;US;OR;OTK
small_airport;Twentynine Palms Airport;US;CA;TNP
small_airport;Dade Collier Training and Transition Airport;US;FL;TNT
small_airport;Newton Municipal Airport;US;IA;TNU
small_airport;Tonopah Test Range Airport;US;NV;XSD
small_airport;Zamperini Field;US;CA;TOA
small_airport;Toccoa Airport - R.G. Letourneau Field;US;GA;TOC
medium_airport;Troy Municipal Airport at N Kenneth Campbell Field;US;AL;TOI
medium_airport;Eugene F. Kranz Toledo Express Airport;US;OH;TOL
medium_airport;Philip Billard Municipal Airport;US;KS;TOP
small_airport;Torrington Municipal Airport;US;WY;TOR
large_airport;Tampa International Airport;US;FL;TPA
small_airport;Peter O Knight Airport;US;FL;TPF
medium_airport;Tonopah Airport;US;NV;TPH
medium_airport;Draughon Miller Central Texas Regional Airport;US;TX;TPL
medium_airport;Tri-Cities Regional TN/VA Airport;US;TN;TRI
medium_airport;Truckee Tahoe Airport;US;CA;TKF
small_airport;Terrell Municipal Airport;US;TX;TRL
medium_airport;Jacqueline Cochran Regional Airport;US;CA;TRM
small_airport;Tehachapi Municipal Airport;US;CA;TSP
medium_airport;Portland Troutdale Airport;US;OR;TTD
medium_airport;Trenton Mercer Airport;US;NJ;TTN
large_airport;Tulsa International Airport;US;OK;TUL
medium_airport;Tupelo Regional Airport;US;MS;TUP
medium_airport;Tucson International Airport / Morris Air National Guard Base;US;AZ;TUS
medium_airport;Cherry Capital Airport;US;MI;TVC
small_airport;Thief River Falls Regional Airport;US;MN;TVF
small_airport;Thomasville Regional Airport;US;GA;TVI
medium_airport;Lake Tahoe Airport;US;CA;TVL
medium_airport;Joslin Field Magic Valley Regional Airport;US;ID;TWF
medium_airport;Texarkana Regional Airport (Webb Field);US;AR;TXK
small_airport;Taylor Airport;US;AZ;TYZ
medium_airport;Tyler Pounds Regional Airport;US;TX;TYR
medium_airport;McGhee Tyson Airport;US;TN;TYS
small_airport;Bullfrog Basin Airport;US;UT;BFG
small_airport;J. Randy McKnight Nephi Municipal Airport;US;UT;NPH
small_airport;Green River Municipal Airport;US;UT;RVR
small_airport;Panguitch Municipal Airport;US;UT;PNU
small_airport;Cascade Airport;US;ID;ICS
small_airport;Columbus Lowndes County Airport;US;MS;UBS
small_airport;Everett-Stewart Regional Airport;US;TN;UCY
small_airport;Bermuda Dunes Airport;US;CA;UDD
small_airport;Waukesha County Airport;US;WI;UES
small_airport;Waukegan National Airport;US;IL;UGN
small_airport;Quillayute Airport;US;WA;UIL
medium_airport;Quincy Regional Baldwin Field;US;IL;UIN
small_airport;Wilkes County Airport;US;NC;IKB
medium_airport;Ukiah Municipal Airport;US;CA;UKI
small_airport;Quakertown Airport;US;PA;UKT
small_airport;New Ulm Municipal Airport;US;MN;ULM
small_airport;Ohio University Airport;US;OH;ATO
small_airport;Dodge County Airport;US;WI;UNU
medium_airport;University Park Airport;US;PA;SCE
small_airport;Franklin County Airport;US;TN;UOS
medium_airport;University Oxford Airport;US;MS;UOX
small_airport;Tunica Municipal Airport;US;MS;UTM
medium_airport;Huntsville Regional Airport;US;TX;HTV
small_airport;Newport State Airport;US;RI;NPT
small_airport;Garner Field;US;TX;UVA
small_airport;Rock Hill - York County Airport;US;SC;RKH
medium_airport;Moody Air Force Base;US;GA;VAD
small_airport;South Jersey Regional Airport;US;NJ;LLY
medium_airport;Vandenberg Space Force Base;US;CA;VBG
medium_airport;Victoria Regional Airport;US;TX;VCT
small_airport;Southern California Logistics Airport;US;CA;VCV
small_airport;Vidalia Regional Airport;US;GA;VDI
medium_airport;Vernal Regional Airport;US;UT;VEL
medium_airport;North Las Vegas Metropolitan International Airport;US;NV;VGT
small_airport;Culberson County Airport;US;TX;VHN
small_airport;Rolla National Airport;US;MO;VIH
medium_airport;Visalia Municipal Airport;US;CA;VIS
small_airport;Virginia Highlands Airport;US;VA;VJI
small_airport;Vicksburg Municipal Airport;US;MS;VKS
small_airport;Vandalia Municipal Airport;US;IL;VLA
medium_airport;Valdosta Regional Airport;US;GA;VLD
small_airport;Venice Municipal Airport;US;FL;VNC
medium_airport;Van Nuys Airport;US;CA;VNY
medium_airport;Volk Field;US;WI;VOK
medium_airport;Destin-Fort Walton Beach Airport;US;FL;VPS
medium_airport;Porter County Municipal Airport;US;IN;VPZ
medium_airport;Cecil Airport;US;FL;VQQ
medium_airport;Vero Beach Regional Airport;US;FL;VRB
small_airport;Hartness State Airport;US;VT;VSF
medium_airport;Miller Field;US;NE;VTN
small_airport;Illinois Valley Regional Airport Walter A Duncan Field;US;IL;VYS
small_airport;Gettysburg Regional Airport;US;PA;GTY
small_airport;Sequim Valley Airport;US;WA;SQV
small_airport;Grant County Airport;US;WV;PGC
small_airport;Wallops Flight Facility Airport;US;VA;WAL
small_airport;Greene County Airport;US;PA;WAY
small_airport;Wilkes Barre Wyoming Valley Airport;US;PA;WBW
small_airport;Enid Woodring Regional Airport;US;OK;WDG
small_airport;Barrow County Airport;US;GA;WDR
small_airport;Whiteman Airport;US;CA;WHP
medium_airport;General William J Fox Airfield;US;CA;WJF
small_airport;Strother Field;US;KS;WLD
small_airport;Willows Glenn County Airport;US;CA;WLW
medium_airport;Winnemucca Municipal Airport;US;NV;WMC
medium_airport;Robins Air Force Base;US;GA;WRB
medium_airport;Mc Guire Air Force Base;US;NJ;WRI
medium_airport;Worland Municipal Airport;US;WY;WRL
small_airport;Westerly State Airport;US;RI;WST
small_airport;Watsonville Municipal Airport;US;CA;WVI
small_airport;Waterville Robert Lafleur Airport;US;ME;WVL
medium_airport;Cape May County Airport;US;NJ;WWD
medium_airport;West Woodward Airport;US;OK;WWR
medium_airport;Yellowstone Airport;US;MT;WYS
small_airport;Tampa North Aero Park Airport;US;FL;KYO
medium_airport;Northwest Arkansas National Airport;US;AR;XNA
small_airport;West Branch Community Airport;US;MI;WBK
medium_airport;Willow Run Airport;US;MI;YIP
medium_airport;Yakima Air Terminal McAllister Field;US;WA;YKM
medium_airport;Chan Gurney Municipal Airport;US;SD;YKN
medium_airport;Youngstown Warren Regional Airport;US;OH;YNG
small_airport;Zephyrhills Municipal Airport;US;FL;ZPH
medium_airport;Zanesville Municipal Airport;US;OH;ZZV
small_airport;Drummond Airport;US;MT;DRU
small_airport;Ware Airport;US;MA;UWA
small_airport;Loring International Airport;US;ME;LIZ
small_airport;National Wildlife Refuge Airport;US;TX;MGI
small_airport;Hooker County Airport;US;NE;MHN
small_airport;Moses Point Airport;US;AK;MOS
small_airport;Metro Field;US;AK;MTX
small_airport;Monticello Airport;US;UT;MXC
small_airport;May Creek Airport;US;AK;MYK
small_airport;Browns Airport;US;NE;EPG
small_airport;Industrial Airpark;US;NM;HBB
small_airport;Yucca Airstrip;US;NV;UCC
small_airport;Kneeland Airport;US;CA;NLN
small_airport;Benton Field;US;CA;BZF
small_airport;Old Harbor Airport;US;AK;OLH
small_airport;Port Lions Airport;US;AK;ORI
small_airport;Atka Airport;US;AK;AKB
small_airport;Port Moller Airport;US;AK;PML
medium_airport;"Warren ""Bud"" Woods Palmer Municipal Airport";US;AK;PAQ
medium_airport;Barter Island Long Range Radar Station Airport;US;AK;BTI
medium_airport;Bethel Airport;US;AK;BET
small_airport;Beluga Airport;US;AK;BVU
medium_airport;Allen Army Airfield;US;AK;BIG
medium_airport;Buckland Airport;US;AK;BKC
small_airport;Big Mountain Airport;US;AK;BMX
medium_airport;Wiley Post Will Rogers Memorial Airport;US;AK;BRW
medium_airport;Bettles Airport;US;AK;BTT
medium_airport;Cold Bay Airport;US;AK;CDB
small_airport;Central Airport;US;AK;CEM
small_airport;Chalkyitsik Airport;US;AK;CIK
small_airport;Chefornak Airport;US;AK;CYF
medium_airport;Scammon Bay Airport;US;AK;SCM
small_airport;Circle City (New) Airport;US;AK;IRC
medium_airport;Merle K (Mudhole) Smith Airport;US;AK;CDV
small_airport;Coldfoot Airport;US;AK;CXF
small_airport;Yakataga Airport;US;AK;CYT
medium_airport;Cape Romanzof LRRS Airport;US;AK;CZF
medium_airport;Deering Airport;US;AK;DRG
small_airport;Red Dog Airport;US;AK;RDB
medium_airport;Adak Airport;US;AK;ADK
medium_airport;Dillingham Airport;US;AK;DLG
medium_airport;Marshall Don Hunter Sr Airport;US;AK;MLL
medium_airport;Kodiak Airport;US;AK;ADQ
medium_airport;Tom Madsen (Dutch Harbor) Airport;US;AK;DUT
small_airport;Kongiganak Airport;US;AK;KKH
medium_airport;Elmendorf Air Force Base;US;AK;EDF
small_airport;Eek Airport;US;AK;EEK
small_airport;Eagle Airport;US;AK;EAA
medium_airport;Cape Newenham LRRS Airport;US;AK;EHM
medium_airport;Eielson Air Force Base;US;AK;EIL
medium_airport;Emmonak Airport;US;AK;EMK
medium_airport;Kenai Municipal Airport;US;AK;ENA
large_airport;Fairbanks International Airport;US;AK;FAI
medium_airport;Ladd Army Airfield;US;AK;FBK
medium_airport;Ambler Airport;US;AK;ABL
small_airport;Bryant Army Airfield;US;AK;FRN
small_airport;Nikolai Airport;US;AK;NIB
small_airport;Farewell Airport;US;AK;FWL
medium_airport;Edward G. Pitka Sr Airport;US;AK;GAL
small_airport;Galbraith Lake Airport;US;AK;GBH
small_airport;Kwigillingok Airport;US;AK;KWK
small_airport;Shungnak Airport;US;AK;SHG
medium_airport;Gulkana Airport;US;AK;GKN
small_airport;Golovin Airport;US;AK;GLV
medium_airport;Gambell Airport;US;AK;GAM
small_airport;Big Lake Airport;US;AK;BGQ
medium_airport;Gustavus Airport;US;AK;GST
small_airport;Nightmute Airport;US;AK;NME
small_airport;Skagway Airport;US;AK;SGY
medium_airport;Holy Cross Airport;US;AK;HCR
medium_airport;Huslia Airport;US;AK;HSL
medium_airport;Haines Airport;US;AK;HNS
medium_airport;Homer Airport;US;AK;HOM
medium_airport;Hooper Bay Airport;US;AK;HPB
small_airport;Hughes Airport;US;AK;HUS
small_airport;Shageluk Airport;US;AK;SHX
small_airport;Igiugig Airport;US;AK;IGG
medium_airport;Egegik Airport;US;AK;EGX
medium_airport;Bob Baker Memorial Airport;US;AK;IAN
medium_airport;Iliamna Airport;US;AK;ILI
medium_airport;Indian Mountain LRRS Airport;US;AK;UTO
small_airport;Denali National Park Airport;US;AK;MCL
small_airport;Wales Airport;US;AK;WAA
medium_airport;Juneau International Airport;US;AK;JNU
small_airport;Koliganek Airport;US;AK;KGK
small_airport;Kodiak Municipal Airport;US;AK;KDK
small_airport;False Pass Airport;US;AK;KFP
small_airport;Akhiok Airport;US;AK;AKK
small_airport;Kipnuk Airport;US;AK;KPN
small_airport;Koyuk Alfred Adams Airport;US;AK;KKA
small_airport;Kulik Lake Airport;US;AK;LKK
medium_airport;King Salmon Airport;US;AK;AKN
small_airport;Nikolski Air Station;US;AK;IKO
medium_airport;Anaktuvuk Pass Airport;US;AK;AKP
medium_airport;Ketchikan International Airport;US;AK;KTN
small_airport;Ugnu-Kuparuk Airport;US;AK;UUK
small_airport;Kaltag Airport;US;AK;KAL
medium_airport;Klawock Airport;US;AK;KLW
small_airport;Karluk Airport;US;AK;KYK
small_airport;Larsen Bay Airport;US;AK;KLN
small_airport;Kalskag Airport;US;AK;KLG
small_airport;Chandalar Lake Airport;US;AK;WCR
medium_airport;Cape Lisburne LRRS Airport;US;AK;LUR
small_airport;Manokotak Airport;US;AK;KMO
medium_airport;McGrath Airport;US;AK;MCG
small_airport;Middleton Island Airport;US;AK;MDO
small_airport;Minchumina Airport;US;AK;LMA
small_airport;St Michael Airport;US;AK;SMK
small_airport;Manley Hot Springs Airport;US;AK;MLY
small_airport;Mountain Village Airport;US;AK;MOU
medium_airport;Merrill Field;US;AK;MRI
small_airport;Mc Carthy Airport;US;AK;MXY
medium_airport;Mekoryuk Airport;US;AK;MYU
small_airport;Napakiak Airport;US;AK;WNA
large_airport;Ted Stevens Anchorage International Airport;US;AK;ANC
medium_airport;Aniak Airport;US;AK;ANI
medium_airport;Nenana Municipal Airport;US;AK;ENN
small_airport;Nondalton Airport;US;AK;NNL
medium_airport;Annette Island Airport;US;AK;ANN
small_airport;Nulato Airport;US;AK;NUL
medium_airport;Anvik Airport;US;AK;ANV
small_airport;New Stuyahok Airport;US;AK;KNW
small_airport;Kobuk Airport;US;AK;OBU
small_airport;Portage Creek Airport;US;AK;PCA
small_airport;Hoonah Airport;US;AK;HNH
medium_airport;Nome Airport;US;AK;OME
small_airport;Toksook Bay Airport;US;AK;OOK
medium_airport;Northway Airport;US;AK;ORT
medium_airport;Ralph Wien Memorial Airport;US;AK;OTZ
small_airport;Nelson Lagoon Airport;US;AK;NLG
medium_airport;St George Airport;US;AK;STG
medium_airport;Port Clarence Coast Guard Station;US;AK;KPC
small_airport;Perryville Airport;US;AK;KPV
medium_airport;Petersburg James A Johnson Airport;US;AK;PSG
medium_airport;Port Heiden Airport;US;AK;PTH
small_airport;Napaskiak Airport;US;AK;PKA
medium_airport;Platinum Airport;US;AK;PTU
small_airport;Pilot Point Airport;US;AK;PIP
small_airport;Point Hope Airport;US;AK;PHO
small_airport;Prospect Creek Airport;US;AK;PPC
small_airport;Quinhagak Airport;US;AK;KWN
medium_airport;Nuiqsut Airport;US;AK;NUI
medium_airport;Arctic Village Airport;US;AK;ARC
small_airport;Russian Mission Airport;US;AK;RSH
medium_airport;Ruby Airport;US;AK;RBY
medium_airport;Savoonga Airport;US;AK;SVA
medium_airport;Deadhorse Airport;US;AK;SCC
medium_airport;Sand Point Airport;US;AK;SDP
medium_airport;Shishmaref Airport;US;AK;SHH
medium_airport;Sitka Rocky Gutierrez Airport;US;AK;SIT
small_airport;Selawik Airport;US;AK;WLK
small_airport;Sleetmute Airport;US;AK;SLQ
medium_airport;St Mary's Airport;US;AK;KSM
medium_airport;St Paul Island Airport;US;AK;SNP
small_airport;Seldovia Airport;US;AK;SOV
small_airport;Sheep Mountain Airport;US;AK;SMU
small_airport;Summit Airport;US;AK;UMM
medium_airport;Sparrevohn LRRS Airport;US;AK;SVW
small_airport;Skwentna Airport;US;AK;SKW
medium_airport;Soldotna Airport;US;AK;SXQ
medium_airport;Eareckson Air Station;US;AK;SYA
small_airport;Ralph M Calhoun Memorial Airport;US;AK;TAL
small_airport;Tin City Long Range Radar Station Airport;US;AK;TNC
small_airport;Teller Airport;US;AK;TLA
medium_airport;Togiak Airport;US;AK;TOG
medium_airport;Talkeetna Airport;US;AK;TKA
medium_airport;Tatalina LRRS Airport;US;AK;TLJ
medium_airport;Atqasuk Edward Burnell Sr Memorial Airport;US;AK;ATK
small_airport;Alakanuk Airport;US;AK;AUK
small_airport;Umiat Airport;US;AK;UMT
small_airport;Unalakleet Airport;US;AK;UNK
small_airport;Willow Airport;US;AK;WOW
small_airport;Akutan Airport;US;AK;KQA
small_airport;Chevak Airport;US;AK;VAK
small_airport;King Cove Airport;US;AK;KVC
medium_airport;Valdez Pioneer Field;US;AK;VDZ
small_airport;Venetie Airport;US;AK;VEE
medium_airport;Kivalina Airport;US;AK;KVL
small_airport;Beaver Airport;US;AK;WBQ
medium_airport;Seward Airport;US;AK;SWD
medium_airport;Wrangell Airport;US;AK;WRG
medium_airport;Wainwright Airport;US;AK;AIN
small_airport;White Mountain Airport;US;AK;WMO
medium_airport;Noatak Airport;US;AK;WTK
medium_airport;Wasilla Airport;US;AK;WWA
medium_airport;Yakutat Airport;US;AK;YAK
small_airport;Akiak Airport;US;AK;AKI
small_airport;Allakaket Airport;US;AK;AET
small_airport;Pacific City State Airport;US;OR;PFC
small_airport;Chenega Bay Airport;US;AK;NCN
small_airport;Clarks Point Airport;US;AK;CLP
small_airport;Elim Airport;US;AK;ELI
small_airport;Kasigluk Airport;US;AK;KUK
small_airport;Kokhanok Airport;US;AK;KNK
small_airport;Kotlik Airport;US;AK;KOT
small_airport;Brevig Mission Airport;US;AK;KTS
small_airport;Koyukuk Airport;US;AK;KYU
small_airport;Kwethluk Airport;US;AK;KWT
small_airport;Robert (Bob) Curtis Memorial Airport;US;AK;ORV
small_airport;Shaktoolik Airport;US;AK;SKK
small_airport;Tok Junction Airport;US;AK;TKJ
small_airport;South Naknek Number 2 Airport;US;AK;WSN
medium_airport;Fort Yukon Airport;US;AK;FYU
small_airport;Port Graham Airport;US;AK;PGM
medium_airport;Barking Sands Airport;US;HI;BKH
small_airport;Kawaihapai Airfield;US;HI;HDH
small_airport;Wheeler Army Airfield;US;HI;HHI
medium_airport;Hana Airport;US;HI;HNM
medium_airport;Hickam Air Force Base;US;HI;HIK
medium_airport;Kapalua Airport;US;HI;JHM
medium_airport;Kalaeloa Airport;US;HI;JRF
medium_airport;Ellison Onizuka Kona International Airport at Keahole;US;HI;KOA
medium_airport;Lihue Airport;US;HI;LIH
small_airport;Kalaupapa Airport;US;HI;LUP
medium_airport;Molokai Airport;US;HI;MKK
medium_airport;Waimea Kohala Airport;US;HI;MUE
medium_airport;Kaneohe Bay MCAS (Marion E. Carl Field) Airport;US;HI;NGF
large_airport;Daniel K Inouye International Airport;US;HI;HNL
medium_airport;Lanai Airport;US;HI;LNY
medium_airport;Kahului International Airport;US;HI;OGG
small_airport;Port Allen Airport;US;HI;PAK
small_airport;Bradshaw Army Airfield;US;HI;BSF
medium_airport;Hilo International Airport;US;HI;ITO
small_airport;Upolu Airport;US;HI;UPP
medium_airport;Point Lay LRRS Airport;US;AK;PIZ
small_airport;Red Devil Airport;US;AK;RDV
small_airport;Rampart Airport;US;AK;RMP
small_airport;Lopez Island Airport;US;WA;LPS
small_airport;Salton Sea Airport;US;CA;SAS
small_airport;Stony River 2 Airport;US;AK;SRV
small_airport;Stevens Village Airport;US;AK;SVS
small_airport;Nunam Iqua Airport;US;AK;SXP
small_airport;Stanton Airfield;US;MN;SYN
small_airport;Santa Cruz Island Airport;US;CA;SZN
small_airport;Santa Paula Airport;US;CA;SZP
small_airport;Takotna Airport;US;AK;TCT
small_airport;Tuluksak Airport;US;AK;TLT
small_airport;Port Alsworth Airport;US;AK;PTA
small_airport;Tanacross Airport;US;AK;TSG
small_airport;Tyonek Airport;US;AK;TYE
small_airport;Dubois Municipal Airport;US;ID;DBS
small_airport;Ugashik Bay Airport;US;AK;UGB
medium_airport;Williston Basin International Airport;US;ND;XWA
small_airport;Spirit Lake Municipal Airport;US;IA;RTL
small_airport;Mertarvik Airport;US;AK;WWT
small_airport;Monument Valley Airport;US;UT;GMV
small_airport;Roche Harbor Airport;US;WA;RCE
small_airport;Stebbins Airport;US;AK;WBB
small_airport;Parker County Airport;US;TX;WEA
small_airport;Decatur Shores Airport;US;WA;DTR
small_airport;Wiseman Airport;US;AK;WSM
small_airport;Glendale Fokker Field;US;WV;GWV
small_airport;Waukon Municipal Airport;US;IA;UKN
small_airport;Akiachak Airport;US;AK;KKI
small_airport;Bear Creek 3 Airport;US;AK;BCC
small_airport;Birch Creek Airport;US;AK;KBC
small_airport;Copper Center 2 Airport;US;AK;CZC
small_airport;Nyac Airport;US;AK;ZNC
